Wordlist,IDF
parents,260.755228819989
injustice,197.229741672113
pain,182.555574875754
amphlett,181.005564432145
accused,158.622471992939
newsletter,146.547746467926
newsletters,145.296209206013
child,123.099038990399
falsely,96.1667000863237
abuse,75.4237163574923
bl,73.8091297753421
amphletts,69.1740139509418
children,65.8267977175956
susan,64.7756078185434
social,61.314608793367
gerrie,51.8805104632063
august,51.3814712653194
guardian,47.35446520663
families,45.7690369543352
protection,42.8606013520369
administrators,40.2210585167775
voluntary,39.9891778480296
prosser,39.6481984933942
experiences,39.6049810005783
bfi,35.3289227693564
britain,35.1165695834144
her,34.8043086620777
innocents,34.5870069754709
july,33.8895261502651
documentary,32.264658589258
1987,31.8685189805477
cleveland,31.0501196202944
policy,30.1148432200124
steve,29.4251744704822
sought,28.2562706347372
inquiries,28.1973975638721
campaigning,28.1564211338892
activism,28.1564211338892
erlichman,28.1564211338892
organization,26.7814440656604
brindle,26.101424252642
solicitors,25.9402552316032
1989,25.6377076252208
bod,25.5443368275108
workers,24.2514216775983
who,23.9329934619806
january,23.8436601603372
membership,23.2993964143625
mrc,22.9802292231058
respectable,21.562364762733
trustees,21.4980790946377
british,21.2028600640367
case,20.8394686293595
experiential,20.6641054595169
family,20.6541082263832
political,20.5735443659391
that,20.5067290202183
public,20.4070487106283
professional,20.1446625503847
orkney,20.1117293813494
services,20.0759811827755
politics,20.0268451182443
undated,19.231273086071
inquiry,18.9724226929436
had,18.8155805231877
1980s,18.6786234501485
she,18.6258716398119
accessed,18.4531404881681
home,18.3718101892273
1988,18.2168265533412
whilst,18.1149251095499
helen,17.9972601727019
parliamentary,17.552312576455
untitled,17.2935034877354
parliament,17.2573070435499
state,17.1830960617699
twentieth,16.9503919088656
mold,16.9230599409619
publicity,16.7282613332251
seeking,16.721937184369
ingrams,16.5891384515127
innocence,16.5891384515127
contemporary,16.5325085377149
history,15.9248354787313
mail,15.8255572139399
your,15.8071455519732
june,15.7986610720543
newspapers,15.3405168341528
parental,15.2605451543865
experience,15.1331496594107
respectability,15.1172313103343
organizations,15.0534458903452
parton,14.7615400483106
court,14.7603180708804
you,14.7277533176867
london,14.6745162220753
campaign,14.5380524596643
sector,14.0962199315557
emphasized,14.0367012769481
physicians,14.009322207924
aristata,146.15767545414
asiatica,121.958435745827
lycium,119.355725519894
berberis,82.086861238606
its1,45.4187247624073
its2,41.7393339830353
dna,40.9501762330903
authentication,29.1683569149991
species,28.4456858873756
amplicon,26.6231447343611
lanes,25.6812723390127
berberine,24.0314702234267
bp,22.3987611533402
amplification,22.0680145127034
sequence,21.5484535130536
markers,21.4487435261641
shimla,20.689887651253
india,19.9483203869378
herbal,17.9549664164561
pcr,17.5726601426278
primers,16.9722602126725
spp,16.769070489979
goraya,16.5891384515127
bangalore,15.3551832661161
balasubramani,14.7158231511113
rrna,14.5710630844706
genomic,14.0692192338394
yip,13.9014589781078
devaiah,13.7932584341686
venkatasubramanian,13.4765334499781
royle,12.9767785035449
bl2f,12.9701276158016
bl2r,12.9701276158016
as1r,12.9701276158016
ar1r,12.9701276158016
ar1f,12.9701276158016
as1f,12.9701276158016
ved,12.7721684137554
himachal,12.4770235571117
its5,12.4418538386345
berberidaceae,12.0670376288096
primer,11.9422976259897
roxb,11.88477341529
accessions,11.8465921436651
singh,11.052289260552
plant,10.9013385619624
pharmacognostic,10.8732176027935
raw,10.8369072853554
region,10.7717394580956
ladder,10.5962794463897
adulterants,10.2608576548258
traded,10.2608576548258
its4,10.2608576548258
distinguish,10.1872365707757
identification,9.90864635290617
extraction,9.88617518596843
anonymous,9.80352471104097
pradesh,9.62768769353574
phytochemical,9.46690917091463
formulations,9.31615027221056
herbs,9.10440401819873
genebank,9.10002378171403
complete,8.99422028102076
amplified,8.91093990015741
ayurveda,8.8849441077488
sequencing,8.8845997939398
its,8.80576739410234
genei,8.70038999399116
samples,8.69333533073554
medicines,8.66155632453681
alamgeer,8.64675174386772
taradevi,8.64675174386772
coscinium,8.64675174386772
sohni,8.64675174386772
kangra,8.64675174386772
wongbutdee,8.64675174386772
fenestratum,8.64675174386772
watthanachaiyingcharoen,8.64675174386772
dubouzet,8.64675174386772
shillaru,8.64675174386772
chandraa,8.64675174386772
purohita,8.64675174386772
rawat,8.60559303577605
homology,8.32443745312422
homoeopathy,8.29456922575636
frlht,8.29456922575636
rheedea,8.29456922575636
taq,8.29182347849987
ribosomal,8.14677961031572
pharmacognosy,7.89953937571604
indian,7.74333433497178
srivastava,7.73683915027732
affuso,7.6925092344284
zygophyllaceae,7.6925092344284
andola,7.6925092344284
bioserve,7.55861565516717
menispermaceae,7.55861565516717
medicinal,7.3452802740316
tribulus,7.34032671631704
mandi,7.24881173519568
kaki,141.410003463024
oyf,103.761020926413
ssrs,91.6982282212677
diospyros,85.5071471235479
mirna,77.5581846050274
ests,75.8881888727733
library,71.1177376351225
persimmon,69.7331038050118
est,54.6595891863253
sequences,49.1203490462237
fruit,44.5395015015314
mir159,43.2337587193386
gc3,41.4728461287818
sequence,41.1379567067387
repeats,40.2000585522065
plant,39.5173522871138
mature,35.8654540302225
libraries,31.8825311078086
yonemori,31.4034869060946
mf,30.2761207409709
localization,25.0538696105143
bp,24.8875123926002
mfe,24.573237607037
snp,23.6360814720075
ikegami,23.2672201917043
micrornas,23.0634253263508
ssr,22.7700369377136
transversions,22.3278952836354
tags,22.1616590228599
unigenes,21.7464352055871
hortic,20.7315362514139
ontology,20.3329639782511
transversion,20.2148001749672
function,19.8697603179516
identification,19.8172927058123
predicted,19.5241058942104
cellular,19.460618473696
rehmsmeier,19.231273086071
genes,19.180392170055
markers,19.0655498010348
poly,18.5697403555391
snps,18.1470400832378
repeat,18.1215428524351
varshney,17.5526151795709
ericales,17.2935034877354
mfold,17.1014294247096
tentative,16.9802414645039
frequency,16.2666119774675
tatarinova,16.0893835050795
thunb,15.8100393484944
mining,15.2083360245149
diversity,15.203242588764
nucleotide,15.1821497033443
primer,14.9278720324872
targets,14.858522108242
species,14.6816443289681
prediction,13.7131028174881
proanthocyanidin,13.5758277848783
polymorphisms,13.0690688716337
nasaruddin,12.9701276158016
diospyroskaki,12.9701276158016
mirna159,12.9701276158016
orf,12.9150659121981
contigs,12.6480314787955
zuker,12.5891384515127
indels,12.5891384515127
identified,12.495063866968
ebenaceae,12.0670376288096
gene,11.7433883554089
chloroplast,11.6336100958522
hairpin,11.6168793596693
astringency,11.3379234827508
rna,11.3353185042708
kitajima,11.2729035744558
cap3,11.1639476418177
expressed,11.0239386242765
nucleotides,10.7744758263751
407,10.6924709821285
mismatches,10.6806534326341
tc,10.6132544785604
bartel,10.586729049236
harikrishna,10.531387545873
protein,10.5143798366418
assembly,10.5012160523367
rice,10.4581272649636
polymorphism,10.4005576236489
transitions,10.357376304601
evol,10.3465570950976
total,10.0810837878421
yamada,10.0151959803354
silico,10.0006188588109
gleave,9.97012761580158
blastx,9.97012761580158
go,9.89112820262689
genome,9.88366334590297
biosynthesis,9.87461351528021
apple,9.85215146145147
mirnas,9.71402486075444
myb,9.62829755888107
arabidopsis,9.62768769353574
aristata,7.6925092344284
lycium,7.02092503058201
asiatica,6.41886503925405
174402,4.14728461287818
gurinder,4.14728461287818
2venkatasubramanian,4.14728461287818
jarakabande,4.14728461287818
560106,4.14728461287818
frlht,4.14728461287818
kaval,4.14728461287818
1goraya,4.14728461287818
sundernagar,4.14728461287818
andola,3.8462546172142
yelahanka,3.77930782758359
attur,3.77930782758359
biotech3,3.68386648686311
mandi,3.62440586759784
paranthaman,3.54522462155022
revitalization,3.51046251529101
berberis,3.42028588494192
padma,3.39395694621957
royle,3.24419462588624
subramani,3.19304210343886
himachal,3.11925588927794
roxb,2.9711933538225
ayurveda,2.96164803591627
balasubramani,2.94316463022226
traditions,2.83907603258708
berberine,2.67016335815852
pharmacognosy,2.63317979190535
noncommercial,2.61519423108964
sentence,2.58301318243962
erratum,2.56750101626137
paragraph,2.53804603692309
pradesh,2.40692192338394
pharmaceutics,2.24419462588624
india,2.09982319862503
forest,1.95788788704296
integrative,1.92025535075804
bangalore,1.91939790826451
biotech,1.75108526578244
abdulaziz,1.69909377609819
57,1.5913630809181
credited,1.54594904954455
distinguish,1.45531951011082
fourth,1.41141968286117
pharmacology,1.35864495088023
city,1.33237143160311
indian,1.2905557224953
king,1.25985487224387
2011,1.25383114907184
post,1.24582629148207
service,1.24365209679394
singh,1.22803214006134
markers,1.19159686256467
online,1.17124047507199
dc,1.14267667063783
read,1.11912019345371
content,0.946890162799085
local,0.894108205500693
centre,0.808562576934576
medicine,0.677511672495516
health,0.673214109663137
25,0.643890119374926
followed,0.624709980187003
foundation,0.620041496490092
access,0.618710686479332
second,0.617426677023566
should,0.616061238345153
development,0.570444360283343
technology,0.565941881995592
open,0.563783563287887
license,0.522796250364731
higher,0.511432408264688
discussion,0.508263213744049
institute,0.492402474611211
via,0.48214157642782
while,0.427842832449791
lines,0.418173843271543
can,0.326623478234585
science,0.311446131715737
found,0.293910925295625
its,0.293525579803411
2010,0.249053228365083
reported,0.248394956951594
has,0.19211017515383
doi,0.190700022840899
that,0.178319382784507
section,0.14566626585068
original,0.133340299559141
b,0.13333407879129
version,0.125792102898085
have,0.114410775584444
source,0.108426111318414
attribution,0.0810332509092182
reproduction,0.0790740057126846
permits,0.0623986605613817
any,0.0619958986470984
distributed,0.0585816525267061
medium,0.0583810627851222
hysterophorus,442.836589792102
parthenium,249.25319039504
weed,161.727958853887
parthenin,53.9146999674163
manure,51.8087967498406
dhileepan,43.2337587193386
maishi,36.2011128864289
gunaseelan,30.1108703998051
weeds,29.4251744704822
dermatitis,27.4553536049918
allelopathic,26.4551547930851
carnea,25.9402552316032
adsorbent,24.2667300845707
production,23.3290575397712
biogas,23.1153060100475
biomass,22.7226702677114
allelochemicals,21.6168793596693
lakshmi,21.2473833523513
salvinia,20.7364230643909
crop,20.6810336683056
srinivas,20.0570765755366
biocontrol,19.8240992466971
crops,19.6798977429971
moth,19.2565951177621
compost,17.6589877813335
lata,17.605258725416
eucalyptus,17.4504151437783
camara,17.4007799879823
allelopathy,17.2935034877354
epiblema,17.2935034877354
listronotus,17.2935034877354
strenuana,17.2935034877354
zygogramma,17.2935034877354
setosipennis,17.2935034877354
bicolorata,17.2935034877354
singh,17.1924499608587
sesquiterpene,17.0780010574617
ipomoea,16.9697847310978
extract,16.7432997387411
javaid,16.4099159338782
plant,16.3520078429437
venkataiah,16.0893835050795
puccinia,16.0893835050795
beetle,15.5962794463897
soil,15.294049327765
eradication,15.2407348537894
germination,15.2070045369507
weevil,14.8852635224236
npk,14.6806534326341
diarrhoea,14.0330913515404
kohli,13.9277838843029
pollen,13.7758707393343
dwivedi,13.6615563245368
livestock,13.3483928767008
plants,13.3466048477764
removal,13.2360748737896
carmenta,12.9701276158016
strathie,12.9701276158016
ithacae,12.9701276158016
aqueous,12.6092269430101
control,12.5931535367945
australia,12.540008130091
alien,12.5321766950543
skin,12.4618971784796
burning,12.300265059067
anaerobic,12.1933746612119
remedy,12.1287439032171
digestion,11.8972691025995
haz,11.7763075897855
menacing,11.7763075897855
kishor,11.7763075897855
parashar,11.7017434530473
asteraceae,11.6336100958522
cattle,11.4755918313399
swc,11.3379234827508
sorghum,11.0682934846663
eczema,11.0206965914675
lantana,11.0104900744756
xylanase,10.9292450596294
adsorption,10.7899863893821
land,10.7655707826945
ajmal,10.7490395473189
akter,10.531387545873
india,10.4991159931252
kumar,10.423183912277
ur,10.3479174786289
activated,10.3464634391749
carbon,10.3262905183055
growth,10.1833747615247
invasive,10.1831200347733
blisters,10.1074000874836
allergic,10.0581100543905
maize,9.9634678369105
biodiversity,9.93810712478642
pandey,9.90970673677861
railway,9.90655971859177
vapours,9.84594956032691
zuberi,9.78803409474075
green,9.68764156009103
toxic,9.64879974465269
snps,151.981460697116
nssnps,136.154500932705
lig1,98.1358965815456
rs11666150,86.4675174386772
splicing,83.0502297942238
sift,70.2926953012095
polyphen,54.3033111395131
nssnp,53.1783693232533
rs111507847,51.8805104632063
rs3731003,47.5571345912725
stabilising,46.788838339169
predicted,43.9292382619733
rs55950593,43.2337587193386
rs34087182,43.2337587193386
damaging,42.985195422973
binding,42.8090725018113
gene,42.4568655926321
protein,41.3064922153786
rs3730947,38.9103828474047
cupsat,38.9103828474047
deleterious,36.8176223683754
rs117019444,34.5870069754709
ligase,34.1511582107681
fastsnp,33.1782769030254
missense,32.4978595629578
snp,32.2310201891012
server,31.2160374397635
psic,30.7700369377136
unfavourable,30.6440438095328
rs3730863,30.263631103537
rs4987181,30.263631103537
regulation,29.9992317218919
transcription,29.045938615557
dna,27.9659740128422
dbsnp,26.4884816720003
polymorphism,26.0013940591223
rs113944619,25.9402552316032
intron,25.0801495330401
nucleotide,24.2914395253508
nonsynonymous,23.76954683058
mutant,22.5912305049211
henikoff,21.8347912249456
rs55686525,21.6168793596693
nucleic,21.5414165873469
mapper,21.2713477293013
sethumadhavan,21.2713477293013
coils,20.6641054595169
tomkinson,20.3637416773174
promoter,20.2841916112452
esefinder,19.6271793163091
jaspar,19.231273086071
identification,18.91650667373
polymorphisms,18.6700983880482
score,18.4591462744468
transfac,17.552312576455
exonic,17.4504151437783
tfbs,17.391389159598
rs11879148,17.2935034877354
1x9n,17.2935034877354
rs4987070,17.2935034877354
rs12981963,17.2935034877354
rsnp,17.2935034877354
dbsmr,17.2935034877354
rs3730933,17.2935034877354
influencing,17.2635100667557
acids,16.8573661694845
servers,16.2319666513306
computational,16.1966581935441
destabilising,16.0893835050795
functional,15.5687565089734
native,15.0392818560435
modifier,14.8327051392887
stability,14.6557594794101
id,14.5502537228589
ramensky,14.4976234703914
helix,14.4231387135446
intolerant,14.3426550596268
sandelin,14.3320527297585
energy,14.0002887664861
human,13.7284061230706
amino,13.4617508806627
parthiban,13.3508167907926
conservative,13.2028397184397
rs41555118,12.9701276158016
rs11668325,12.9701276158016
rs74747924,12.9701276158016
t614i,12.9701276158016
rs3730966,12.9701276158016
rs4987068,12.9701276158016
rs79897727,12.9701276158016
rs79501686,12.9701276158016
v349m,12.9701276158016
ssnp,12.9701276158016
rs3731008,12.9701276158016
l355f,12.9701276158016
rs74929288,12.9701276158016
q892h,12.9701276158016
r641l,12.9701276158016
rs75696040,12.9701276158016
rs112555243,12.9701276158016
chitinase,157.053736294004
sagu,92.5139551542072
inflorescence,66.0437314572785
meristem,53.1783693232533
cdna,48.8798673468732
chitinases,40.1478271997402
plant,39.5173522871138
endochitinase,23.0775277032852
leaf,22.9524544977703
chitin,21.6426222017741
mschi1,21.6168793596693
pcr,18.8278501528155
sativa,17.999291968801
sago,17.7261231077511
passarinho,17.2935034877354
samac,17.2935034877354
arabidopsis,16.8484534636876
metroxylon,16.5891384515127
roslan,15.7017434530473
hengel,15.3850184688568
arundinacea,15.1172313103343
primer,14.9278720324872
festuca,14.4976234703914
oryza,14.3048893701745
bp,13.6881318159301
palm,13.5874223115477
amino,13.4617508806627
saguchitinase,12.9701276158016
tissues,12.5505751478742
sticklen,12.0670376288096
plants,11.863648753579
primers,11.3148401417816
ananas,11.1639476418177
expressed,11.0239386242765
comosus,11.0104900744756
neale,10.8636833948768
sequence,10.7742267565268
harikrishna,10.531387545873
amplified,10.3960965501836
planta,10.3344933284609
orf,10.3320527297585
wemmer,10.2608576548258
thaliana,10.2548321089769
rna,10.0758386704629
gene,9.93671322380752
amplicons,9.69203497310956
isolation,9.52380881591503
carrot,9.44185383863454
fermentas,9.24215458891475
aestivum,9.06703762880964
triticum,9.03486603263432
sarawak,8.94285957333496
tobacco,8.85962936980493
amplification,8.82720580508135
rice,8.71510605413635
takakura,8.6521295343108
halepensis,8.64675174386772
msap22,8.64675174386772
stylar,8.64675174386772
egertsdotter,8.64675174386772
ponath,8.64675174386772
msap21,8.64675174386772
msap33,8.64675174386772
leaves,8.63389388153701
blastn,8.60559303577605
agarose,8.45712522837322
vries,8.42883987859147
khasiana,8.29456922575636
seegene,8.29456922575636
vasanthaiah,8.29456922575636
bromus,8.29456922575636
hadjiivanova,8.29456922575636
odjakova,8.29456922575636
tissue,8.20130100468749
leucocephala,8.04469175253976
linthorst,8.04469175253976
oldhamii,8.04469175253976
deduced,7.95568848313172
petroselinum,7.85087172652365
crispum,7.85087172652365
nepenthes,7.85087172652365
unshiu,7.85087172652365
meins,7.85087172652365
leucaena,7.85087172652365
seeds,7.72623579328245
cereale,7.6925092344284
memelink,7.6925092344284
gasic,7.6925092344284
bellemare,7.6925092344284
inermis,7.6925092344284
bambusa,7.6925092344284
class,7.61181741724096
nucleotide,7.59107485167214
94,7.57147291829682
secale,7.55861565516717
paradisiaca,7.55861565516717
ananassa,7.55861565516717
acids,7.4921627419931
genes,7.45904139946582
yeboah,7.4426317612118
wsa,90.7033878620061
somnifera,59.0756973619615
coli,39.3938138547502
enzyme,35.4196260795981
asparaginase,34.2028588494192
oza,31.0348314768795
erwinia,27.4016004388293
kcat,24.7965673308018
cdna,21.384941964257
prset,20.7364230643909
kinetic,20.2695966140659
withania,19.3587951535548
plant,17.714675163189
xholi,17.2935034877354
chrysanthemi,16.9697847310978
recombinant,16.7489869138669
ggc,16.1699216513013
kotzia,15.7017434530473
purification,14.5857237189743
labrou,14.3320527297585
pcr,13.8070901120647
activity,13.7743727555413
carotovora,13.6811435397677
ph,13.0526373147336
glutaminase,13.050712126321
cloning,12.573695405383
amplicon,12.1014294247096
lymphoblastic,12.0478100977507
duval,11.4741240477014
leukemia,11.4291580215253
plasmid,11.2023161620329
hindiii,10.9743691012682
km,10.912046667007
ctt,10.4462745715707
purified,10.3093192547974
cloned,10.0736236947961
bacterial,10.0341041643739
sardar,9.2410134697427
wa,9.07482954759097
protein,9.01232557426442
tca,8.9695553000919
plants,8.89773656518425
bl21,8.77861435038174
de3,8.72144428671906
sieciechowicz,8.64675174386772
multicolumn,8.64675174386772
carpenter,8.57759569856277
primers,8.48613010633623
iptg,8.45009002647587
narta,8.29456922575636
aspartase,8.29456922575636
enzymes,8.10484356648042
parmar,7.67984363511277
wriston,7.55861565516717
rna,7.5568790028472
sodek,7.4426317612118
grafit,7.34032671631704
reverse,7.26965663328779
erithacus,7.24881173519568
gene,7.22670052640547
digested,7.21156935677228
dunal,7.16602636487923
karolina,6.95655566383921
transform,6.85939935342667
optimum,6.81087756845696
nickel,6.7943131718924
vidyanagar,6.69130453329003
subramanian,6.55996591433236
vallabh,6.5253560631605
ampicillin,6.37003981614027
cells,6.33431704961731
hawkins,6.22989348663006
taq,6.2188676088749
buffer,6.17742907208715
bruneau,6.06668252114269
escherichia,5.98273433303766
amplified,5.94062660010494
genei,5.80025999599411
seeds,5.79467684496184
tri,5.7680863562072
transcriptase,5.75306425578325
gilbert,5.74795490238939
1989,5.69726836116019
patel,5.65314130535917
biotechnol,5.5424292195357
neb,5.4535575526148
howard,5.4525719952214
kozak,5.42118403042825
biol,5.41588867556314
tta,5.41065555044354
kristiansen,5.40025316307192
herbarium,5.35003172190586
sambrook,5.18196422422179
microorganisms,5.17539804084072
sequencer,5.17395873931444
gujarat,5.14265484822885
vector,5.07428548685163
acute,4.990327501114
ttc,4.91417706569933
dntp,4.82443652638777
xylanase,371.594332027401
bajaj,105.14878810433
ma28,103.761020926413
xylan,85.387638516426
xylanases,70.847769934694
production,65.5008154001268
fumigatus,63.1026223322922
enzyme,61.1793541374875
ph,57.1052882519595
niveus,51.3822870142193
activity,42.3434421744416
sydowii,42.3088007893562
bran,40.2732992246884
sudan,39.5051172821245
sbs,35.3037577158973
rs2,34.6162915549278
aspergillus,34.2189510578602
fungal,31.5985343182601
wheat,29.7653343933154
fermentation,28.1924398631115
penicillium,27.8024544004876
nair,26.1236124703412
naidu,25.8859605653248
alkalitolerant,24.573237607037
murthy,21.4547095738372
biotechnol,20.7841095732589
vmax,20.4497600468134
bakri,20.3637416773174
assayed,20.2246330937901
xylanolytic,19.4651677553174
maalej,19.231273086071
sulphate,18.9767882149755
pulp,18.5524359852098
singh,18.42048210092
antoine,17.6589877813335
meal,17.5961938477342
rice,17.4302121082727
ammonium,17.3121892392009
shuvaeva,17.2935034877354
agar,17.0847865590073
fpase,16.5109328643196
soybean,16.4356084439722
cmcase,16.2209731294312
sources,16.153877353328
substrate,15.8921097892002
sp,15.8802960754835
purification,15.7077024665877
showed,15.5374380467942
sharma,15.4906396184303
nitrogen,15.4539798208789
assay,15.3547607693734
husk,15.3405168341528
sysoeva,14.8852635224236
pda,14.6382866206815
canescens,14.4976234703914
cellulose,14.2884496554045
straw,13.8506131328455
precipitation,13.8407184393072
spelt,13.7932584341686
substrates,13.2642662343848
carboxymethyl,13.2106731727914
zymogram,13.1279327471025
maximum,12.9283043408797
khanum,12.7721684137554
jammu,12.51915968196
microsporus,12.4418538386345
ruckmanl,12.4418538386345
isolates,12.3822069835103
buffer,12.3548581441743
optimum,11.9190357447997
stability,11.9078045770207
kuhad,11.88477341529
enzymes,11.5783479521149
solani,11.5680484310995
carbon,11.2650442017878
alkaline,11.2023161620329
purified,11.1684291926972
oat,11.0206965914675
fungi,10.9878856045276
shaking,10.8769851703635
rpm,10.7738070255744
bleaching,10.7000634438117
cellulase,10.4462745715707
buffers,10.2003732161516
gupta,10.1913586885237
optima,10.1380030246338
residual,10.1027283645851
congo,10.0687835917999
bk,10.0151959803354
organism,9.9693791183796
thermostable,9.93810712478642
corncob,9.90655971859177
isolate,9.87735210396257
effect,9.79517416883356
gel,9.74389915126004
km,9.69959703733953
genbank,9.69780252976715
fennell,9.67939757677742
alkaliphilic,9.62829755888107
2010,9.46402267787317
sbp,166.682932744619
arfa,148.826797421986
lime,117.72658520889
mana,101.818708386587
xyna,100.475528776359
pretreatment,76.4754781207796
trs,67.8791389243914
cellulovorans,56.7235939448035
beet,55.102469961944
synergy,46.2429730516008
enzyme,35.4196260795981
pulp,34.7858174722683
sugar,34.3938064463832
hydrolysis,33.9790307984847
hemicellulases,32.6267803158025
mannan,30.8033782324757
beukes,30.7700369377136
arabinan,30.2344626206687
kosugi,28.1973975638721
hemicellulose,28.1149251095499
sugars,24.3734376069286
hemicellulase,22.9738823074295
xylan,22.7700369377136
enzymes,21.9988611090183
loading,20.8218088522472
degradation,19.886876437165
activity,18.8759922946306
enzymatic,18.061975205334
lignin,17.9196351485965
mannanase,17.391389159598
lignocellulose,17.2573070435499
synergistic,17.0480484381373
substrate,17.0272604884287
bagasse,16.6758469655015
micard,16.5891384515127
technol,14.9150609765336
pletschke,14.6806534326341
substrates,14.5906928578233
pretreated,14.5458071489116
fibres,14.545042428838
biomass,14.4598810794527
reducing,14.3724143527097
clostridium,13.7884200400145
sugarcane,13.4495370817714
biofuel,13.3750793047646
arabinases,12.4418538386345
arabinofuranosidase,12.0670376288096
protein,12.0164340990192
bioresour,11.5006170615007
wyman,11.3280567123984
optimal,11.2886153005139
cellulases,11.2194477282239
cellulosome,11.0104900744756
dns,10.9973784168246
holtzapple,10.7490395473189
highest,10.5081037379922
curvature,10.4016891162378
utilised,10.2100954411669
cellulose,10.2060354681461
zeeman,10.1074000874836
conditions,10.1018661726549
factorial,9.78171568121869
tamaru,9.48602360909666
rhodes,9.15178453499725
concentration,8.96701240499263
deaville,8.64675174386772
koukiekolo,8.64675174386772
combinations,8.64340098324853
temperature,8.62028930046392
hendricks,8.51722809776123
time,8.46569763562857
biotechnol,8.31364382930355
arabinase,8.29456922575636
slake,8.29456922575636
turquois,8.29456922575636
enzym,8.2655224436006
axes,8.20841239964649
xylanase,8.19693379472209
displayed,8.18372867158536
arabinose,8.06972224906282
optimised,8.05465984493767
fortman,8.04469175253976
2002b,7.99609342583025
2002a,7.99609342583025
merino,7.96776875713172
optimisation,7.87321760279353
cellulosomal,7.85087172652365
cherry,7.71398227234327
grahamstown,7.6925092344284
enge,7.6925092344284
mannanases,7.55861565516717
varnai,7.4426317612118
assays,7.3546292583567
kaar,7.34032671631704
sem,7.23867967464846
africa,7.16503502274023
effect,7.07429245526868
spagnuolo,6.95655566383921
low,6.81275582972618
vaccari,6.73826672498907
hydroxyapatite,541.058752727997
ciprofloxacin,122.353925879471
drug,119.997788817296
zinc,91.9238435139674
release,64.4146311982522
delivery,55.0583088910946
nanoparticles,47.1835650128153
loading,43.0317382946442
concentration,39.1287814036042
xrd,32.7768411406967
aureus,30.0070881014669
zn,28.4009849896984
mater,25.4332281738484
pure,24.466985840102
bone,22.7761234936188
staphylococcus,22.1986668224315
controlled,21.195528031573
pseudomonas,20.6469346568256
aeruginosa,20.3669490257893
percentage,19.9387519027627
tem,19.8462484892342
loaded,19.8047199384906
edx,19.7525586410622
antimicrobial,18.7913192501048
incorporation,17.928865189234
antibacterial,17.6014794745384
slosarczyk,17.2935034877354
cpx,17.2415730427108
samples,15.806064237701
crystallinity,15.7604570523942
increases,15.5435621318218
released,14.7322872183413
chouhan,14.6806534326341
phosphate,14.6492481336875
xrf,14.1808984862009
zone,14.13158361961
borm,14.041850061164
carrier,13.4519535499645
hap,13.050712126321
murugan,12.9751104495632
raman,12.780286555068
biomaterials,12.6851281955823
increase,12.2195748105429
carbonate,12.2144123097875
stoichiometry,12.1867188034643
amount,12.0660234118429
ca,11.9696912217853
methacrylate,11.739720317123
doped,11.5006170615007
vibrations,11.2759500509385
activity,11.2235629859966
ginebra,11.0104900744756
inhibition,10.8483785014771
stanic,10.7490395473189
ftir,10.6373810976231
calcium,10.6307101410829
optimized,10.6009322680813
crystalline,10.3731070215609
panyam,10.2608576548258
osteomyelitis,10.1808984862009
particles,10.0819775935072
nm,9.97683533963014
osteoblastic,9.92556426937499
labhasetwar,9.90655971859177
vitro,9.47438053303084
ratios,8.94363269095096
carbonates,8.85692402898637
antibiotics,8.66740163744793
russoni,8.64675174386772
bajpal,8.64675174386772
venkatasubbu,8.64675174386772
ochekpe,8.64675174386772
szycher,8.64675174386772
pataquiva,8.64675174386772
time,8.46569763562857
drugs,8.45386895682972
mycek,8.29456922575636
vojislav,8.29456922575636
given,8.27587256399761
constant,8.22687088041923
lattice,8.17743056639737
jong,8.16029857292125
sci,8.12196794755532
jallot,8.04469175253976
panduranga,8.04469175253976
pattern,8.0288328611394
stirring,7.82009794744078
agglomeration,7.74903954731885
becomes,7.7288778935019
devanand,7.6925092344284
somberg,7.6925092344284
90,7.67616578844526
ramakrishna,7.64657671861594
antibiotic,7.60130158521917
stretching,7.53617271241439
analyzed,7.51492425977447
infections,7.51338348889667
wt,7.48650534616518
fwhm,7.48221629730851
it,7.42044049993513
microbial,269.474665664382
soil,254.263570074094
hydrocarbons,191.852787231649
bioremediation,171.768437825363
alkane,151.63182732385
hydroxylases,146.879936758187
oil,130.260488496476
hydrocarbon,128.919317252287
plfa,107.829399934833
microbiol,96.7391956227006
dioxygenases,94.0816441507009
diversity,89.8373425699693
bacteria,86.8066070258475
community,86.1185928365431
philp,82.5175118753329
alkanes,76.7600082512152
chikere,76.4245716491277
crude,70.1623511251701
biodegradation,69.6362943053206
maila,69.1740139509418
elsas,67.8791389243914
okpokwasili,66.732409675451
16s,63.5516607249797
hamamura,61.5400738754272
environ,59.7243228400088
genes,58.6067538529457
soils,58.5531464827258
communities,56.5984118867298
microorganisms,55.2042457689676
bacterial,55.1875729040566
odokuma,53.9146999674163
hamme,53.1783693232533
contaminated,51.126256244459
degradation,49.7171910929125
dioxygenase,48.0185052351991
fatty,46.098733493649
colwell,45.1506896237464
leahy,44.0131468135399
macnaughton,43.1797944958801
atlas,43.0254845940724
petroleum,42.4803215565624
phenanthrene,41.0789370259706
rrna,39.5500283721346
rosenberg,39.3470002948148
margesin,37.7930782758359
bartha,37.6231447343611
microbiology,37.0273625633181
smalla,35.8301318243962
degraders,35.6861408847486
magot,35.3289227693564
metagenomic,34.3317344884189
quatrini,33.1782769030254
catechol,32.7213453156888
wolicka,30.263631103537
dgge,29.9103828474048
ron,29.8522236052972
ollivier,29.7196791557753
respirometry,29.0309922901473
spill,28.45807082729
diesel,27.2011128864289
mpn,26.7652181331601
environmental,26.2578738676741
hub,25.5622000585168
stroud,24.9583276699089
contaminants,24.9311812265713
sediments,24.3953281369271
polluted,24.3479499769959
ecol,24.1947665406345
surridge,24.1340752576193
degrading,24.1058023439578
harayama,23.9420011945934
2003,23.3644792747087
rajendhran,23.0775277032852
organisms,22.8295824287476
clpp,22.6758469655015
carbon,22.5300884035756
contamination,21.9687964126056
degradative,21.7705270448472
degrade,21.6725225829187
kanaly,21.6168793596693
alquati,21.6168793596693
chaillan,21.6168793596693
torsvik,21.062775091746
zucchi,20.8696669915176
marine,20.8121331855236
enumeration,20.6015027594213
harcourt,20.1922825798422
dna,19.9756957234587
biodiversity,19.8762142495728
pollution,19.8400510719728
ecology,19.8252174665521
acids,19.6669271977319
phylogenetic,19.5508898703173
populations,19.2606415515532
obayori,19.231273086071
2005,19.1490306569081
microbiological,19.085536660866
aliphatic,19.0738333367662
pollutants,19.0311455982695
asm,18.9741441064989
desulfotomaculum,142.311420836925
dsm,114.817024400816
nov,89.0087473496733
strain,79.359040690174
putei,73.4973898228756
hydrothermale,62.8069738121892
subcluster,50.7416821463698
thermophilic,47.6355568668995
dma,46.9384111271156
artesian,41.4728461287818
anaerobic,40.6445822040395
12395t,38.9103828474047
18033t,38.9103828474047
gab,35.1046251529101
varum,34.782778319196
sulfate,33.9305336130757
bore,33.0620897744024
basin,30.3719130822513
ogg,29.7196791557753
microbiol,28.2155987232877
gen,27.3680505902786
sp,27.2233647008289
pyruvate,27.0929931064906
16s,26.2972389206812
syst,25.526850598225
haouari,24.8837076772691
growth,23.2762851691993
rrna,22.8973848470253
patel,22.6125652214367
glycerol,22.2625004955821
phylogenetic,21.505978857349
australicus,20.7364230643909
bacterium,20.7244749591396
zeikus,20.5217153096515
caloramator,20.1117293813494
fatty,19.9761178472479
brockii,19.6271793163091
fructose,19.3191268244417
bkc,19.231273086071
hungate,19.231273086071
propanol,18.7982650425814
electron,18.6649463258929
evol,18.6238027711757
formate,18.1470400832378
aquifer,18.1220293379892
microbial,17.9649777109588
nucleotides,17.9574597106252
amended,17.4137971030901
mannose,17.3697374714062
rc3t,17.2935034877354
butanol,17.1213231357342
woese,17.1014294247096
strains,16.9851282038591
genus,16.8929465374028
malate,16.8291715923358
srb,16.7899863893821
enrichment,16.7623022625958
desulfosporosinus,16.5891384515127
u,16.5396200516397
tryptone,16.2955250923152
lactate,15.927499296146
kaksonen,15.1172313103343
desulfitobacterium,15.1172313103343
subsurface,15.0057828859997
similarity,14.8986881004777
ia,14.791445368389
thiosulfate,14.5420126198152
sulfite,14.4600605388744
marmur,14.3320527297585
thermoanaerobacter,14.1808984862009
propionate,13.4495370817714
spring,13.4079432145539
mat,13.2168116443681
australicum,12.9701276158016
16158t,12.9701276158016
rg04,12.9701276158016
5794t,12.9701276158016
nacl,12.7435177401881
australia,12.540008130091
wells,12.3043682953848
australian,12.2292416520965
curved,12.1081470149234
thermoanaerobium,12.0670376288096
optimum,11.9190357447997
ultrastructure,11.5526932361434
yeast,11.4478087632951
nitrite,11.3419000520236
butyrate,11.2194477282239
kroppenstedt,11.1639476418177
nd,10.9222570214397
kctc,10.8732176027935
schumann,10.8636833948768
straight,10.7861000845731
isolated,10.7019839633815
relatives,10.2231113549052
spores,10.1954356248212
casamino,10.1818708386587
fermented,10.1239367297424
wolin,10.1074000874836
benzoate,10.1063074748883
bioreactor,113.273815407749
toluene,95.5290479102496
tropicalis,64.4301707034417
fluidized,56.1674002446561
beads,47.0028221118792
immobilized,42.0720893920546
psp,41.8784543233741
yeast,39.2496300455833
biofilters,37.3255615159036
biodegradation,37.1393569628377
biofiltration,33.1782769030254
biofilter,31.4034869060946
removal,24.2661372686143
vocs,21.2713477293013
waste,19.2717652483813
suspension,19.1269251019483
voc,17.827160122935
ethylbenzene,17.7261231077511
gaseous,17.6442150264932
bioreactors,17.2573070435499
loading,16.6574470817978
putida,16.6024402269994
gas,16.5171912148324
protein,15.7715697549627
operation,15.5705157344941
ph,15.5000068112462
pseudomonas,15.0159524776914
step,14.5045131734232
content,14.2033524419863
candida,13.4651677553174
bordel,12.9701276158016
larachi,12.9701276158016
iliuta,12.9701276158016
delhomenie,12.9701276158016
air,12.8448185590313
activated,12.6456775367693
volatile,12.6432598178872
sgrs,12.4418538386345
inlet,12.3605876160739
carbon,11.2650442017878
shim,11.2482876079387
btex,11.1639476418177
biotechnol,11.0848584390714
airlift,10.7490395473189
nutrient,10.6388851132726
co2,10.5870069754709
sludge,10.5505365333264
powdered,10.4016891162378
glycol,10.3311545297031
biomass,10.3284864853234
alginate,10.3007513797106
streams,10.1954356248212
strain,10.0773385003396
degradation,9.9434382185825
immobilization,9.91465878546872
performance,9.84521125681538
jianping,9.78803409474075
clogging,9.44185383863454
bed,9.37721503170841
gases,9.15178453499725
cells,9.14956907166944
operated,8.79083721902609
ppmv,8.64675174386772
peishi,8.64675174386772
bioscrubbers,8.64675174386772
kccm,8.64675174386772
fluorescens,8.39499319469105
culture,7.90093742850774
contaminated,7.86557788376292
environ,7.4655403550011
cod,7.44417320203124
villaverde,7.4426317612118
koutinas,7.34032671631704
concentration,7.33664651317579
eng,7.29877825831773
od,7.23797074529107
remove,7.23463908146266
maestre,7.09044924310044
stream,7.07982255579638
column,7.06729548810365
bottle,6.95716349445366
efficiency,6.93901152645025
loehr,6.84057176988384
munoz,6.79941306179217
adsorptive,6.60437314572785
polyethylene,6.56672991971719
hydrocarbon,6.55521952130274
bioeng,6.52247027783544
sulfide,6.44620403782024
capacities,6.30197820235883
headspace,6.26608834752714
ahmed,6.1968960519166
portion,6.14452371646108
benzene,6.13756207129829
respiration,6.10672242601091
chung,5.99439763783326
decline,5.93684875607685
ports,5.6925092344284
biosci,5.58743408753194
processes,5.5385818942186
elegans,176.794022340251
fat,157.872107730222
ok1975,146.994779645751
lipid,97.5231138908584
mutant,74.833451047551
worm,73.7290341733497
adipogenesis,64.1171277630674
klfs,58.8815379489274
caenorhabditis,56.649870903346
metabolism,55.2371011547521
ashrafi,49.5327985929588
klf,48.3771064478767
intestine,48.0781498042978
fatty,46.098733493649
fas,44.0620354648732
metabolic,43.6099031510408
desaturase,38.3165052412663
regulation,37.2404255857969
insulin,36.4045617084758
accumulation,36.07419162958
energy,36.0007425423928
storage,35.8897832427633
genes,35.1640523117674
mtp,35.1234631378274
mammalian,34.722642810339
fa,34.1960960217819
adipocyte,31.8111268928107
microsomal,31.3935810897177
pathways,30.4005542308331
lipoproteins,30.2892153386712
germline,30.1255501834921
ntambi,29.7705270448472
yolk,29.7586055274395
adipose,29.6922842616037
hashmi,29.6164803591627
worms,29.063480980141
apob,28.8848926766432
lipoprotein,28.8296299672848
watts,28.6578515484051
rava,28.1564211338892
obesity,28.1331609931917
browse,28.0733030035014
rnai,28.0661827030808
transcription,27.7830717192284
gilst,26.9237823204994
klf3,25.9402552316032
ok2257,25.9402552316032
secretion,25.6092423831227
triglyceride,25.2549344858655
mutants,24.3150399416695
lipids,24.2755186890079
apolipoprotein,24.1058023439578
genetic,24.0526331254847
conserved,22.904956038544
assembly,22.3150841112155
phenotype,21.9177246478219
gene,21.6801015792164
oocytes,21.4100387980532
mammals,21.2631104875318
animals,21.0795937847774
differentiation,19.6848730489248
transcriptional,19.6664954553268
desaturases,19.6271793163091
pathway,19.3383816099526
tg,18.9349284391576
hussain,18.4915960785761
transfer,18.3173848150822
wetterau,18.1220293379892
protein,18.0246511485288
that,18.0102576612352
preadipocyte,17.8857191466699
reproductive,17.8808175189109
birsoy,17.552312576455
klf15,17.2935034877354
qm182,17.2935034877354
biol,17.0213644089127
crossley,16.9920850685975
droplets,16.9867728430407
regulatory,16.9445794733152
cells,16.8915121323128
brey,16.7282613332251
klf7,16.5891384515127
diabetes,16.3781133391703
nutrient,15.9583276699089
palmitoyl,15.8100393484944
larval,15.6948341750155
monounsaturated,15.6652208688178
genetics,15.2804299000187
klf5,15.1172313103343
klf2,15.1172313103343
shibata,15.0309922901473
transport,14.9194894426559
breakdown,14.8461421308018
sharrock,14.4976234703914
factor,14.3952071624145
jamil,14.231273086071
regulator,13.7851670062237
homeostasis,13.6122443213864
vit,13.5200280319566
zhang,13.2453198092152
methomyl,253.407790205002
plants,210.579765376027
urf13,181.581786621222
p500,142.671403773817
transgenic,142.06548888743
anthers,128.496466137842
p755,116.731148542214
sterility,107.395464599169
maize,99.634678369105
tobacco,79.7366643282444
gene,77.6870306588588
ta29,73.4973898228756
pcat121,73.4973898228756
pollen,60.6138312530711
levings,60.3351881440482
male,56.3404121568973
rrn26,56.2038863351402
tapetum,52.2904963915084
anther,48.6958896468745
plant,46.3306888883404
construct,46.302962805909
gus,44.4637165042449
carrying,44.4323621281739
mitochondrial,40.5768426320792
promoter,40.5683832224904
untransformed,34.7820865666878
csiii,34.5870069754709
pgus,34.5870069754709
chaumont,33.0314702234267
fertile,32.177427814252
constructs,30.5374042308084
tapetal,28.1564211338892
saci,26.9530668999563
sterile,24.9891821339149
pcr,23.8486101935663
southern,23.1829208666147
germination,22.810506805426
camv35s,22.6758469655015
budar,21.6168793596693
koltunow,20.7364230643909
protein,20.2777325420949
allmen,20.1117293813494
sridhar,19.7518822883589
cytoplasmic,19.6971436871253
sensitivity,18.6847855972196
sofi,17.7261231077511
glab,17.2935034877354
seeds,15.4524715865649
schnable,15.3850184688568
fertility,14.8923335366724
fungal,14.8698985027106
death,14.4140011682033
kb,13.9780596239049
1990,13.9564889647991
northern,13.9396071700659
mitochondria,13.7618519945094
constitutive,13.3471475521691
lonsdale,13.2087462914557
confirmed,12.2327575538696
rice,12.2011484757909
membrane,12.1867085432572
amplicons,12.115043716387
morphology,12.0627036917261
putative,11.991396815178
constitutively,11.921496828512
expressed,11.871933903067
that,11.590759880993
warmke,11.0104900744756
hindiii,10.9743691012682
done,10.8914319026909
pring,10.8732176027935
transformation,10.7853912774081
toxins,10.4710308469738
probe,10.4059306559179
dewey,10.3479174786289
transformed,10.3327823911417
bamhi,10.2853096964577
dna,9.98784786172935
bands,9.90799145225112
production,9.86998588221089
analysed,9.7846417367334
targeting,9.75931399871325
had,9.66205486325857
control,9.5947836470815
genes,9.59019608502748
rf2,9.39913252129071
hence,9.33530732409149
dupont,9.2337420885637
probed,9.07086674801379
carried,9.03539632289867
driven,8.96443259461702
seed,8.9626804665867
hack,8.9135800614675
sequence,8.8152764371583
heterologous,8.7980969238671
nylon,8.7339871421305
plegt,8.64675174386772
rf8,8.64675174386772
connet,8.64675174386772
kerk,8.64675174386772
palm,99.64109695135
microsatellite,71.165373923879
cultivars,68.3480374980076
dactylifera,54.7245741590707
date,52.3077740049311
markers,48.8554713651516
phoenix,44.9223551126426
dp175,43.2337587193386
diversity,40.0812759158324
dp168,37.3255615159036
dp157,34.5870069754709
genetic,33.4645330441526
qatari,30.2344626206687
shahil,29.0309922901473
khasab,29.0309922901473
barhi,29.0309922901473
repeats,28.7143275372904
ssr,28.462546172142
dna,24.9696196543234
khnaizi,24.8837076772691
alleles,24.0637504436532
lulu,23.0775277032852
sukari,22.6758469655015
pic,22.6561134247967
bp,22.3987611533402
hilali,21.6168793596693
shaishi,21.6168793596693
razaiz,21.6168793596693
marker,21.0961083903552
elshibli,19.6271793163091
cultivar,19.5883174542791
genet,19.3635187268299
locus,19.2619379236069
theor,18.7652181331601
korpelainen,18.6065794030295
polymorphic,17.8463858138437
qatar,17.6589877813335
germplasm,17.4007799879823
vosman,17.2935034877354
dp160,17.2935034877354
dissimilarity,16.6758469655015
khalas,16.5891384515127
zehdi,15.7017434530473
primers,15.5579051949498
banding,15.3151431617503
morocco,15.1859050946136
microsatellites,15.0581100543905
aflp,14.9546870600913
accessions,14.8082401795813
rapd,13.9277838843029
loci,13.7315362514139
repeat,13.5911571393263
amplification,13.240808707622
genotypes,13.101126054867
dp170,12.9701276158016
dp169,12.9701276158016
benkhalifa,12.9701276158016
dp171,12.9701276158016
dp151,12.9701276158016
dp159,12.9701276158016
dp172,12.9701276158016
sequence,12.7331770758953
genome,12.7075671590181
ssrs,12.6480314787955
pritesh,12.4418538386345
akkak,12.4418538386345
sudan,12.3453491506639
primer,11.9422976259897
phylogenetic,11.7305339221904
trifi,11.5387638516426
adawy,11.5387638516426
monomorphic,11.4439114961396
allele,11.1975074737827
tunisian,11.1172313103343
amplified,10.3960965501836
genotype,10.2699153835591
arens,10.2608576548258
tomato,10.2100954411669
genomic,9.84845346368755
fingerprinting,9.82835413139867
lycopersicon,9.78803409474075
palms,9.57912631031656
ahmed,9.2953440778749
hortic,8.8849441077488
tree,8.66713135304077
hanachi,8.64675174386772
kawka,8.64675174386772
banhos,8.64675174386772
areshchenkova,8.64675174386772
resour,8.58293362210472
crop,8.27241346732222
plant,8.17600392147183
elhoumaizi,8.04469175253976
hamwieh,8.04469175253976
icarda,8.04469175253976
malek,8.03976958634302
scored,7.9289285282407
ganal,7.85087172652365
simple,7.76645988603642
powermarker,7.6925092344284
lipa,535.869486807249
ch25h,285.342807547635
vertebrate,145.771869695415
lipase,117.819282321264
lipf,68.379879896588
human,66.6808297406286
sequences,65.8931511595684
predicted,58.5723176826311
gene,50.5869036848383
lipj,49.7674153545382
lipm,45.62013074166
lipn,45.62013074166
lipk,45.62013074166
lip3,43.2337587193386
lysosomal,42.2772171478246
residues,40.8840838468574
sequence,40.1584815470545
mouse,39.853571706478
chicken,37.8824017287982
cholesterol,35.6162103221637
genome,33.8868457573816
genes,31.9673202834249
subunits,30.2900105625807
rhesus,27.2953017407812
gallus,27.1592084871919
frog,26.9498694188355
cholesteryl,26.7407401844025
lipo1,25.9402552316032
acid,24.1996099761196
alignments,23.3417662237475
melanogaster,23.2117459993007
exons,21.8192609853339
roussel,21.3613068652681
dog,21.227807355307
rat,20.8143733705849
ameis,20.7364230643909
amino,20.192626320994
chromosome,19.534730345324
cpg,19.0311455982695
aceview,18.8965391379179
drosophila,18.7454396128614
ester,18.6211515742742
web,18.5945397414326
tropicalis,18.4086202009833
lipo,18.1220293379892
exon,17.973360099046
identities,17.6488366102248
cow,17.5961938477342
consortium,17.4302121082727
36nvs,17.2935034877354
sleat,16.5891384515127
sando,16.4099159338782
lipases,16.3938675894442
sequencing,16.2884329555563
browser,15.7726240380018
phylogenetic,15.6407118962538
transmembrane,15.2687021154042
gastric,14.8949095971948
wolman,14.6806534326341
blat,14.3320527297585
protein,14.2695154925853
xenopus,14.2148001749672
caballus,14.041850061164
equus,13.5758277848783
lund,13.3529770100882
mus,13.3030902012614
musculus,13.1438533650015
273nms,12.9701276158016
ser174,12.9701276158016
shownkeen,12.9701276158016
toulza,12.9701276158016
271nms,12.9701276158016
101nss,12.9701276158016
319nqs,12.9701276158016
99nss,12.9701276158016
159nkt,12.9701276158016
161nkt,12.9701276158016
321nqs,12.9701276158016
chimpanzee,12.9058634357032
mulatta,12.7089913450225
ensembl,12.2248165741234
taurus,11.8465921436651
horse,11.827160122935
gasterosteus,11.7763075897855
genomes,11.7529492594793
norvegicus,11.7368391502773
lipoprotein,11.5318519869139
metabolism,11.50772940724
rattus,11.3850184688568
wion,11.3379234827508
examined,11.2869425598024
hydrolase,11.2119441251149
islands,11.1064267321101
macaque,10.9516605697014
family,10.776056465939
399,10.7613426318391
cdna,10.6924709821285
mrna,10.6749700498826
canis,10.6236916761756
deloukas,10.531387545873
xylanase,314.215795464347
xylan,111.003930071354
ss1,93.0328970151475
bajaj,71.9439076503309
xylanases,70.847769934694
penicillium,70.769883928514
production,69.0899011754762
enzyme,46.1528461037187
fermentation,42.2886597946672
ph,35.8947526155174
sp,35.1635127385707
bran,32.2186393797507
sudan,32.0979077917261
alkalitolerant,31.5941626376191
pulp,30.1477084759658
activity,28.5690694189004
alkalistable,27.4780510428328
xylose,25.9910000233307
organism,19.9387582367592
sources,19.6154225004697
wheat,19.1348578242742
singh,18.42048210092
industrial,18.2287276768496
biotechnol,16.6272876586071
ruckmanl,16.5891384515127
madamwar,16.5109328643196
fpase,16.5109328643196
yeast,16.3540125189931
nitrogen,16.2673471798725
xylanolytic,16.2209731294312
alkaline,16.0033088029042
carbon,15.9588126191994
temperatures,15.4486286019494
rs2,15.3850184688568
agar,15.3763079031065
sawdust,15.2231113549052
maximum,15.2097698127996
congo,15.1031753876998
thermostable,14.9071606871796
fungal,14.8698985027106
kuhad,14.8559667691125
niveus,14.6806534326341
soybean,14.0876643805476
bakri,13.5758277848783
assayed,13.4830887291934
meal,13.1971453858007
cellulase,13.0578432144634
cmcase,12.9767785035449
extract,12.8794613374931
aspergillus,12.8321066466976
maalej,11.5387638516426
beg,11.4741240477014
industries,11.2619643582685
residual,11.2252537384278
xylotriose,11.1639476418177
colonies,10.9462590501222
carmona,10.7596296654171
microbiol,10.7487995136334
rajendran,10.7000634438117
crude,10.6306592613894
thermostability,10.6236916761756
carboxymethyl,10.5685385382331
rice,10.4581272649636
xylobiose,10.4348334957588
optima,10.1380030246338
jammu,10.015327745568
pda,9.75885774712097
bars,9.74164663413974
prema,9.53174350876687
kosugi,9.39913252129071
peptone,9.32859918496547
plates,9.31648980167708
substrates,9.28498636406936
assay,9.21285646162402
streptomyces,8.94806416503645
replaced,8.94637025203043
characterization,8.87292773291881
endoxylanolytic,8.64675174386772
naidu,8.62865352177493
fourth,8.46851809716705
standard,8.18488699986353
microbial,8.16589895952674
effect,8.16264514069463
deviations,8.14140203764902
xylooligomers,8.04469175253976
titre,8.03976958634302
day,8.03172976721022
bleaching,8.02504758285879
growth,8.00122302691227
assaying,7.96776875713172
error,7.90689092142424
bijender,7.85087172652365
kk2,7.85087172652365
shah,7.82800190460968
rpm,7.69557644683889
agricultural,7.66897579884718
retained,7.60814626357201
conducted,7.44985947431454
penicillum,7.4426317612118
fungi,7.32525706968505
protein,194.516026977874
proteins,100.480470468335
crystallization,86.5046807324543
automated,80.0457879523261
biol,75.8224414578839
manjasetty,72.4022257728578
genomics,60.750585369819
structural,49.2301339320724
synchrotron,49.1448761402723
phasing,47.594162637449
sp,45.3722745013815
macromolecular,43.7937440619538
ht,38.7046416450477
proteomics,38.1680504792609
diffraction,35.1080257483622
determination,32.8445571577126
pipeline,31.1494674331503
glycosylation,30.4597936676987
beamlines,29.9016043599019
panjikar,29.0012999799705
screening,28.930349269296
centering,28.9201210777487
2011,26.6439119177766
crystallogr,24.0595242795427
user,24.0402861199066
coli,23.9176726975269
can,23.8435139111247
annotation,23.7820865666877
function,23.0745603692341
pdb,23.0334195730626
scheich,22.6758469655015
bioinformatics,22.381666771751
sequence,20.5689783533694
biology,20.4811944814654
crystal,20.0097261424251
production,19.7399717644218
drop,19.6236515503036
beamline,19.606631693085
microseeding,19.5760681894815
functional,19.2756032968242
structures,19.1572047227627
soluble,18.9619666733353
conserved,18.610276781317
standfuss,18.6065794030295
anomalous,18.4040460199887
prilusky,18.3508167907926
sad,17.9247240129393
glycoproteins,17.7157819541324
crystals,17.6167119473863
garman,17.4811074846312
cherezov,17.4504151437783
rhodopsin,17.3520726466492
vijayachandran,17.2935034877354
platform,17.2392387465531
baculovirus,17.0775277032852
structure,16.7294516662922
replacement,16.7138593730512
refolding,16.5310448872012
surface,16.4400739750168
solubility,16.1283542400056
biological,16.0902206972291
bieniossek,16.0893835050795
yumerefendi,16.0893835050795
that,16.0487444506056
fold,16.0182343283073
ravelli,15.9637082415137
automation,15.7093623812037
consortium,15.6871908974454
beam,15.5510785548231
funct,15.501626786224
cowtan,15.1879538824224
phase,15.1424674717442
diffusion,15.1250164541922
technique,15.0776174483846
vapor,15.0597343189491
human,15.0358733728868
centers,14.9241175313427
nanoliter,14.8852635224236
damage,14.8463056364284
nucleic,14.809723903801
target,14.7391672596819
systems,14.6323570082107
technologies,14.6215125709579
has,14.6003733116911
mounting,14.5840172606439
targetdb,14.4976234703914
instruct,14.4600605388744
process,14.3857643479868
sample,14.3538762130976
subunits,14.3478997401698
robots,14.3426550596268
strategies,14.3341600252672
crank,14.3320527297585
tools,14.1925287834855
precipitant,14.1860068776766
novel,14.1195719097012
recombinant,13.9574890948891
2006,13.9180264898395
lamzin,13.7884200400145
servers,13.5266388761088
dlits,56.2038863351402
seed,55.5686188928376
bbh,51.0306662224037
pubseed,48.2681505152386
annotations,42.2906501075044
projections,37.5554333732053
bbhs,37.3255615159036
overbeek,33.2458046389687
genes,30.9017429406441
inconsistencies,28.3150565350597
sequences,27.5553177576377
genome,25.4151343180362
projection,24.2564441255532
roles,23.6393198338487
gene,23.4867767108178
txt,21.7464352055871
dlit,21.6168793596693
genomes,19.5882487657989
annotation,19.45807082729
databases,19.4152779041833
disz,18.8965391379179
functional,17.7928645816839
metabolic,16.501044435529
functions,15.2680451584906
argonne,15.1859050946136
protein,15.020542623774
neighborhoods,15.0057828859997
annotated,12.8236049527239
identity,12.741262629223
similarity,12.1898357185727
sm7,12.0670376288096
models,11.9766069557549
projected,11.3958680790982
foundation,11.1607469368216
percent,10.9743642162438
list,10.7835525073968
identical,10.5667390504977
function,10.255360164104
pubmed,10.0740572918631
dandekar,9.90655971859177
sequence,9.79475159684255
kb,9.7846417367334
database,9.7225626219619
criteria,9.63540389593973
swissprot,9.62829755888107
pusch,9.39913252129071
clear,9.08558647972421
context,8.78090089409841
annotators,8.04469175253976
that,7.84605284251831
scoring,7.82800190460968
nomenclature,7.7908490318919
attachments,7.59295254730682
chromosomal,7.50487136236657
instances,7.31967128375469
fonstein,7.24881173519568
accurate,7.17665432168978
asserting,7.16602636487923
dejongh,7.16602636487923
655,6.9071151052296
maltsev,6.84057176988384
publicly,6.68461956150632
sets,6.67433338861029
score,6.51499280274592
weights,6.51332885245027
onto,6.49995659892728
attach,6.3907538207382
attached,6.13624043713432
confidence,6.11675070912999
apweiler,6.00231315439988
made,5.96302027721566
bioinforma,5.96190638222331
our,5.94602528511943
quantity,5.87627932053112
within,5.84800841206694
hit,5.84039674463205
let,5.76592599345695
asserted,5.7370620238507
conserved,5.726239009636
kanehisa,5.7071077119114
bairoch,5.7071077119114
quality,5.64048898855368
searched,5.63098217913426
duplications,5.49868920841228
kegg,5.46462252981472
inconsistent,5.43247463708895
project,5.36234413610048
hits,5.33235162773406
mate,5.31184583808782
altschul,5.10504772058343
surrounding,5.02150258315476
assignment,5.01484027366125
spurious,5.01426914388416
uncharacterized,5.00766387278399
evidence,4.97896754045799
must,4.86952036359738
set,4.82904795051671
extrusion,4.81912403910029
terry,4.80337879290052
manually,4.79976059969603
dr,97.7102474507163
professor,23.6088122843905
shukla,4.46341782867635
alhomida,4.32337587193386
chehregani,4.32337587193386
professsor,4.32337587193386
klovins,4.32337587193386
meghvansi,4.32337587193386
maszenan,4.32337587193386
altawashi,4.32337587193386
somado,4.32337587193386
gschaedle,4.32337587193386
mirdamadian,4.32337587193386
golzary,4.32337587193386
sesli,4.32337587193386
bajekal,4.14728461287818
orgeig,4.14728461287818
theerakulpisut,4.14728461287818
troggio,4.14728461287818
ratanakhanokchai,4.02234587626988
jaouani,4.02234587626988
aygan,4.02234587626988
kitpreechavanich,4.02234587626988
dastager,4.02234587626988
monies,3.92543586326182
parhar,3.92543586326182
alsbeih,3.92543586326182
medicherla,3.92543586326182
hitti,3.92543586326182
dzimiri,3.92543586326182
ogugbue,3.92543586326182
moukha,3.8462546172142
vonstein,3.8462546172142
sawidis,3.8462546172142
kango,3.8462546172142
kwaasi,3.8462546172142
sablok,3.8462546172142
refereesacknowledgement,3.8462546172142
morohoshi,3.8462546172142
sinitsyna,3.8462546172142
aboussekhra,3.77930782758359
granjeiro,3.77930782758359
crother,3.77930782758359
neelgund,3.77930782758359
adeleke,3.77930782758359
bamezai,3.77930782758359
seviour,3.77930782758359
husaini,3.7213158806059
singh,3.68409642018401
biotech3,3.68386648686311
dolinski,3.67016335815852
bilgrami,3.67016335815852
labrou,3.58301318243962
somvanshi,3.58301318243962
seaver,3.54522462155022
philipsen,3.54522462155022
mechichi,3.54522462155022
ashmore,3.51046251529101
iliev,3.51046251529101
pappa,3.4782778319196
schmidberger,3.44831460854216
refereeing,3.42028588494192
abdulaziz,3.39818755219639
jadeja,3.39395694621957
sigrist,3.39395694621957
brey,3.34565226664501
sakka,3.32337587193386
madamwar,3.30218657286392
ollivier,3.30218657286392
fardeau,3.30218657286392
reddy,3.23076025102186
cock,3.20943251962702
biely,3.20943251962702
tamaru,3.16200786969889
prabha,3.16200786969889
neeraj,3.14728461287818
pusch,3.13304417376357
ramamoorthy,3.02234587626988
brar,2.96164803591627
ehlers,2.96164803591627
gerdes,2.89201210777487
purohit,2.8462546172142
hasnain,2.82506531814426
rajkumar,2.81822589361396
panneerselvam,2.79189695489161
referees,2.79189695489161
cody,2.77930782758359
nigam,2.76707337116657
bajaj,2.76707337116657
modi,2.76108300747739
morais,2.68990741635427
faria,2.68488661497922
city,2.66474286320621
maiti,2.6200844938152
vyas,2.58301318243962
viswanathan,2.55252386029172
dave,2.53804603692309
king,2.51970974448774
critique,2.51381615729859
assists,2.49086695922762
laccase,178.681405113063
hbt,147.439425642222
decolourization,93.0545244141481
dye,88.5142832039824
sirius,60.9792178729135
0,50.1193462569937
decolouration,48.2681505152386
azo,39.1268627248748
45,38.4002737990438
60,38.0992274635451
dyes,36.0476712263679
05,32.450728930988
rose,32.0033665392134
trametes,29.8095319111166
concentration,27.7162201608863
textile,27.6014809476018
x6,26.7652181331601
x5,25.9535570070899
x4,24.3569781678483
90,23.7961139441803
ph,23.6579051329547
x3,22.0413931829349
rsm,21.9947568336491
09,19.9567381951903
x2,19.4280497215089
concentrations,18.7179411988264
enzyme,18.2464740410051
laccases,18.2000475634281
x1,17.2960629575911
clbe55,16.5891384515127
variables,16.3633200837131
design,14.8058101117235
diazo,14.5841784574995
decolorization,14.5420126198152
01,14.1686609099765
bb,14.0040341578671
response,13.6770382933994
sr,13.6722275505509
fungal,13.0111611898718
incubation,12.8937522238515
optimization,12.3636775332114
30,12.3039775760317
surface,12.1137387184335
150,11.6231849214543
strain,11.337005812882
wastewater,10.3320527297585
effluent,10.2248800234067
time,9.95964427721008
microbiol,9.40519957442923
dmp,9.35776766783381
model,9.27044360138714
run,9.18115828970028
sfax,8.80262936270799
roriz,8.64675174386772
reife,8.64675174386772
chlorazol,8.64675174386772
hbt2,8.64675174386772
dye2,8.64675174386772
laccase2,8.64675174386772
dyeing,8.60559303577605
goupy,8.29456922575636
isoresponse,8.29456922575636
nyanhongo,8.29456922575636
redox,8.14166106556284
temperature2,8.04469175253976
abadulla,8.04469175253976
kokol,8.04469175253976
rb5,7.85087172652365
fixed,7.83860679961004
bourbonnais,7.6925092344284
zille,7.6925092344284
lignin,7.67984363511277
experiments,7.58191674316761
fortina,7.55861565516717
schliephake,7.55861565516717
neuchatel,7.4426317612118
ph2,7.4426317612118
coded,7.39663843143043
absorbance,7.38364771678372
time2,7.34032671631704
othmer,7.34032671631704
tzanov,7.34032671631704
hydroxybenzotriazole,7.16602636487923
mediator,7.10733283382292
cinnabarinus,6.95655566383921
quadratic,6.91902759790524
methodology,6.85291714444885
paice,6.84057176988384
cerniglia,6.84057176988384
temperature,6.83678116933346
munoz,6.79941306179217
pycnoporus,6.78791389243914
pubescens,6.69130453329003
actual,6.64529359632112
mutagens,6.60437314572785
montgomery,6.45934246961671
camarero,6.45293171785161
ligninolytic,6.41886503925405
optimize,6.417836743676
fungus,6.39493643571301
composting,176.518788579486
compost,108.897091318223
waste,82.8685905680394
isolates,33.6088475266708
decomposition,33.2046069365457
soil,32.4998548215007
wheat,25.5131437656989
straw,25.3927907435502
composted,24.1340752576193
newspaper,23.618464077297
microbial,22.8645170866749
consortium,22.6592757407545
substrates,22.5492525984542
husks,21.7464352055871
umsakul,21.6168793596693
moisture,21.0589192771996
wastes,19.4725933554204
ph,18.7631661399296
organic,18.6717010396102
saidi,18.2000475634281
isolate,18.1084788572647
maturity,17.6888488281327
fourti,17.2935034877354
novinsak,17.2935034877354
substrate,17.0272604884287
subtilis,16.9977502798355
pseudomonas,16.8929465374028
inoculated,15.9199804073704
sludge,15.8258047999896
process,15.7558371430332
vegetable,14.4257866773467
hay,14.3445261586913
raw,13.9331665097426
during,13.7780162769551
schloss,13.5758277848783
days,13.5749286922824
content,13.2564622791872
gautam,13.233411311545
nitrogen,13.013877743898
sanmanee,12.9701276158016
sp,12.4773754878799
fruit,12.1471367731449
municipal,12.0888687502357
environ,11.9448645680018
carbon,11.2650442017878
hydrolytic,11.1761989161666
phosphate,10.9869361002657
ratio,10.7690935808308
rice,10.4581272649636
leaves,10.3606726578444
microorganisms,10.3507960816814
anastasi,10.1818708386587
sci,9.28224908292037
technol,8.94903658592016
sewage,8.6521295343108
bhiday,8.64675174386772
nagavallemma,8.64675174386772
poincelot,8.64675174386772
lasaridi,8.64675174386772
zeinhom,8.64675174386772
buyuksonmez,8.64675174386772
stentiford,8.64675174386772
kaosol,8.64675174386772
fertilizer,8.60559303577605
wani,8.51722809776123
hadas,8.29456922575636
dinel,8.29456922575636
manure,8.1803363289222
plant,8.17600392147183
concentration,8.15182945908421
chefetz,8.04469175253976
bacteria,8.0129175716167
util,7.85087172652365
sustainable,7.7332975018995
composts,7.6925092344284
ammonia,7.61368049377641
organisms,7.60986080958253
succession,7.56180643992566
jedidi,7.55861565516717
biosolids,7.55861565516717
gestion,7.55861565516717
snedecor,7.55861565516717
oso,7.4426317612118
manures,7.4426317612118
ranalli,7.4426317612118
pedro,7.34494382562648
bacillus,7.29475515726183
taiwo,7.16602636487923
fixer,7.09044924310044
santiniketan,7.02092503058201
vestal,7.02092503058201
erickson,6.79371115577386
contamination,6.7596296654171
microbiol,6.71799969602088
inoculum,6.69512674301453
portnoy,6.60437314572785
inoculants,6.56396637355127
hassen,6.45293171785161
microbiological,6.36184555362198
physical,6.32741059403454
prebiotic,409.977734459034
prebiotics,251.152814020248
oligosaccharides,77.1059846256046
inulin,75.5348307090763
food,46.3744612665422
fos,42.693819258213
axos,38.9103828474047
bifidobacteria,36.3240523015032
probiotic,34.6085181372432
lactobacilli,33.0127223491994
probiotics,31.7244749591396
microbiota,30.4565524430771
gut,30.4081600337921
milk,29.9433172169013
whey,26.8285787200049
dietary,26.5623397984159
fermentation,26.1786941586035
production,26.0208718712833
vamanu,25.9402552316032
technol,25.3556036601071
bacteria,24.0387527148501
supplementation,23.7618099470364
molan,23.5526151795709
lactobacillus,23.0059800526651
fermented,22.7788576419205
bifidobacterium,22.2407348537894
buckwheat,22.0209801489511
2011,21.3151295342213
lactic,20.7948478250582
effect,20.6787010230931
infants,20.4134454298525
growth,20.3667495230494
bacteriocin,20.2148001749672
apple,19.7043029229029
dairy,19.6830766558501
diet,19.6229988745083
nutr,19.5716356452028
bread,19.5432786842412
gos,19.1582526206331
health,18.8499950705678
xylooligosaccharides,18.1220293379892
chicory,18.1220293379892
arabinoxylan,18.1220293379892
pectic,17.391389159598
pku,17.2935034877354
epilactose,17.2935034877354
sensory,17.1112196583742
wheat,17.0087625104659
hydrolysis,16.9895153992423
lactulose,16.9697847310978
polydextrose,16.5891384515127
starch,15.8519926968057
polysaccharides,15.5731250228176
fructooligosaccharides,15.3850184688568
synbiotic,15.3850184688568
breads,14.8852635224236
huso,14.6806534326341
colon,14.6079444111968
soy,14.4893451183313
viz,14.4625962427858
lactis,14.3048893701745
spirulina,14.1808984862009
resistant,14.1704083012877
2010,13.9469807884447
sgt,13.9131113276784
oat,13.7758707393343
cheese,13.7467230210307
foods,13.7249345954574
infant,13.7117741360592
cereal,13.6065794030295
seaweeds,13.5758277848783
microbiol,13.4359993920418
bran,13.4244330748961
potential,13.2009311590775
colitis,13.0915565912004
human,13.0746724981625
tuohy,12.9767785035449
acidophilus,12.9767785035449
bifidogenic,12.9701276158016
casei,12.9058634357032
alginate,12.8759392246383
gibson,12.7275812552977
intestinal,12.6641054595169
ftdc,12.4418538386345
synytsya,12.4418538386345
consumption,12.294072571521
sci,12.182951921333
healthy,12.1330686343071
crackers,12.0670376288096
hydrocol,12.0670376288096
acidilactici,12.0670376288096
yacon,12.0670376288096
gum,11.9443871034515
anaerobe,11.8465921436651
roberfroid,11.7763075897855
activity,11.7337249399055
enzymes,11.5783479521149
immunoactive,11.5387638516426
vitro,11.369256639637
fecal,11.3514871422522
beijerinckii,405.623430986043
syringaldehyde,271.830440069838
solventogenic,153.449530676493
8052,142.511723674189
fermentation,130.893470793018
p2,121.928303196464
butanol,91.3137233905824
ezeji,86.3595889917601
ncimb,79.3112359964697
butyric,78.7217903067396
coat,73.5082675697621
clostridium,68.9421002000727
abe,66.8814524951869
acidogenic,59.5410540896944
growth,52.3716416306985
production,39.4799435288436
lignocellulosic,37.5884126097091
acetobutylicum,35.8301318243962
blaschek,35.3289227693564
hydrolysates,32.6831268920475
acetic,32.6641568703322
grown,32.1849602019854
biomass,28.9197621589055
biotechnol,26.3265387927946
acid,25.9921736780544
solventogenesis,24.8837076772691
microbiol,24.1847989056752
phase,22.3152152215178
od540,21.6168793596693
control,20.9885892279908
fermentations,20.6021524115558
protein,18.7756782797175
glucose,17.8382098896915
during,17.7780855186518
extracts,17.4146351902268
ctl_s,17.2935034877354
transferase,16.9758299809073
coenzyme,15.9877322693041
furfural,15.1117293813494
ph,13.8684271469045
concentration,13.8581100804432
acetone,13.632697003925
ctl_a,12.9701276158016
species,12.8464387878471
activity,12.7540488477234
wiesenborn,12.4418538386345
tc,12.1294336897833
cells,11.9648210937216
decrease,11.8344052925328
generation,11.7266309471985
exponential,11.4705369958238
time,11.4535909187916
acidogenesis,11.3379234827508
corn,11.1497709338581
accumulation,10.822257488874
papoutsakis,10.7490395473189
crude,10.6306592613894
effect,10.3393505115465
represent,10.2109437039225
arrow,10.209977700354
cantarella,10.1818708386587
hmf,10.1074000874836
termination,9.90476595555828
qureshi,9.84021204725362
microbial,9.79907875143209
produced,9.74013520033799
hp,9.6973901015485
bahl,9.48602360909666
presence,9.45763342073331
concentrations,9.35897059941321
environ,8.95864842600132
inhibition,8.87594604666305
gottschalk,8.67603632332462
inhibitory,8.67159715799671
sa_a,8.64675174386772
lanes,8.56042411300423
negatively,8.43207321089389
total,8.40090315653507
ohio,8.31639500452807
pretreatment,8.31255196964996
andersch,8.29456922575636
ba101,8.29456922575636
yacobucci,8.29456922575636
assay,8.1892057436658
biofuels,8.11598332566531
oardc,8.04469175253976
ethanologenic,8.04469175253976
tgy,8.04469175253976
biofuel,8.02504758285879
36,7.9317863350466
rate,7.93138328977362
extract,7.72767680249588
lignin,7.67984363511277
alsaker,7.55861565516717
24,7.45863727961125
zaldivar,7.4426317612118
chambliss,7.4426317612118
utilization,7.40851810930113
prior,7.40516741613471
monot,7.34032671631704
motif,107.860411043857
motifs,91.3143724271464
algorithm,80.954429054306
niched,43.2337587193386
fitness,43.1804603229885
length,41.4484535961599
sequences,39.5358906957411
pareto,38.1269740350675
consensus,37.6463048524137
score,30.4032997461476
similarity,28.4429500100029
algorithms,27.446160214187
genetic,27.189933098374
regulatory,22.1582962343353
population,22.1009076014461
conservation,21.5412251372018
subsequence,20.8696669915176
problem,20.486092238129
crossover,19.0006944077691
transcription,18.9430034449285
genes,18.1148148272741
promoter,17.1635467479767
initialization,15.4646347527779
sharing,14.8037174360437
sequence,14.6921273952638
offsprings,14.3320527297585
discovery,14.0880333773097
recall,13.6212124199041
meme,13.4765334499781
sets,13.3486667772206
binding,12.7516386175608
identification,12.6110044491533
finding,12.3428879541406
variable,12.3152666614153
ga,12.2094216625253
mutation,12.1751690959711
probabilistic,12.0610913159694
dna,11.9854174340752
tss,11.6673427659996
representation,11.6095690480222
selection,11.511002138549
position,11.345242586622
multiple,11.2978136774798
embedded,11.0848584390714
mesra,11.0104900744756
tournament,11.0104900744756
optimization,10.9899355850768
orthologous,10.9292450596294
candidate,10.9070482688436
precision,10.6924709821285
evolutionary,10.6462356594484
stormo,10.6356738646507
tfbs,10.4348334957588
vector,10.1485709737033
solutions,9.98752791125575
false,9.82043761602941
rps,9.67939757677742
discover,9.60987665576159
individual,9.38830294905846
goldberg,9.34265505962676
instances,9.14958910469336
nucleotide,9.10928982200656
birla,9.10002378171403
stine,9.06703762880964
identify,8.99474953405445
each,8.94918783095723
factor,8.91131871958992
finds,8.87828860391162
computational,8.83454083284221
phyme,8.64675174386772
derated,8.64675174386772
acgcgt,8.64675174386772
tompa,8.62865352177493
gibbs,8.54906996848262
sampler,8.51722809776123
randomly,8.41156348407546
elnitski,8.29456922575636
sandve,8.29456922575636
mig1,8.29456922575636
maximization,8.23077682595115
find,8.10146047672401
objective,8.04521244946185
lones,8.04469175253976
bioinformatics,7.99345241848251
scenarios,7.915934392995
matys,7.85087172652365
karci,7.85087172652365
tournaments,7.85087172652365
pdr3,7.85087172652365
bioinform,7.7850662697379
jaspar,7.6925092344284
gcn4,7.6925092344284
starting,7.6653501736163
tfbss,7.55861565516717
generation,7.46240151185356
proceedings,7.46233286193709
multiobjective,7.34032671631704
ranchi,7.24881173519568
elkan,7.24881173519568
sandelin,7.16602636487923
beryllium,154.980134674749
carcinogenic,115.969637343704
arsenic,88.5619084252826
iarc,84.3346706842551
nickel,73.0388665978433
cadmium,71.8970913182234
carcinogenicity,67.6374214467349
cobalt,66.1356178299168
dna,65.9197958874137
cancer,64.420075660411
chromium,59.2293752218273
trace,54.8220335999119
carcinogens,47.7230042519666
exposure,38.3653028584869
carcinogenesis,35.9177250401297
elements,32.781890232179
humans,32.4943606011342
damage,31.8135120780609
ros,30.1123777416816
human,27.4568122461412
boffetta,26.101424252642
lead,26.0818341807129
atsdr,25.6911435071096
compounds,24.2235312639884
copper,24.1402471065352
agency,23.8845952519795
oxidative,22.4422238910521
zinc,22.2396395598308
occupational,21.2374681054162
exposures,21.1228088583385
radicals,19.5316128320064
chromate,19.3587951535548
lung,19.1502847584571
cells,19.0029511488519
animals,18.9716344062997
tumor,18.8113576273528
food,18.1465283216904
usepa,18.1220293379892
radical,18.0262798719002
ores,17.391389159598
toxicity,17.3008065754447
inorganic,17.2577780967708
inhalation,17.166714976032
trivalent,16.9610612029417
hexavalent,16.8456668124727
health,16.8303527415784
toxic,16.5407995622618
metals,16.5024901224808
drinking,15.9418470397138
tumors,15.9040152908452
metal,15.8291259921278
genotoxic,15.3822481634654
gene,15.3567386186116
proteomics,15.2672201917043
kidney,15.154272736614
monographs,15.1031753876998
p53,15.0913483301153
chemicals,15.0711963498898
environ,14.9310807100022
klopfleisch,14.8852635224236
repair,14.5297196665483
risks,14.4715803134222
that,14.2655506227606
metallic,14.2097340048516
breaks,14.1793075258431
effects,14.1618410054308
essential,13.9338628666147
peroxide,13.8629472794022
fontenot,13.7932584341686
toxicol,13.7788576419205
skin,13.7080868963276
disease,13.6847630712754
ngs,13.3996159772384
1991,13.20756475669
industries,13.1389584179799
superoxide,12.9645891261245
oxide,12.9480461924132
smoking,12.734296853977
beryl,12.4418538386345
prognostic,12.3214974468688
strand,12.2944465404236
risk,12.0867621183293
valco,12.0670376288096
environmental,12.0348588560173
species,11.9288360172866
profiling,11.8613341525928
sequencing,11.8461330585864
steenland,11.7763075897855
antimony,11.772658520889
occurs,11.7048866306092
1993,11.6626848642183
soil,11.4705369958238
protein,11.2654069678305
exposed,11.1587614862656
rats,11.0585707409512
ions,11.0225058637671
element,11.0153888553663
epidemiological,11.0100723395776
hartwig,10.9973784168246
lesions,10.8818871783505
decolorization,215.221786773265
hbt,179.033588279841
laccase,150.762435564147
dye,125.140883150458
ao51,103.761020926413
enzyme,55.8127441254272
dyes,55.7100373498413
trogii,52.9103095861702
azo,51.3540073263981
textile,48.3025916583031
concentration,44.0198790790547
germination,40.5520120985351
trametes,32.7904851022282
ph,32.631593286834
acetosyringone,28.083700122328
decolourization,26.5870069754709
sawdust,24.3569781678483
laccases,24.2667300845707
phytotoxicity,22.9738823074295
orange,22.2652032830094
mediator,21.3219985014688
mechichi,21.2713477293013
0,19.2766716373053
incubation,18.7545486892385
mediators,18.0834277285392
crude,15.9459888920841
wastewater,15.4980790946377
degradation,14.9151573278738
response,14.4368737541438
acid,13.8923686899946
effluents,13.7467230210307
rsm,13.7467230210307
optimization,13.737419481346
desirability,13.7179613765853
decolorize,13.5758277848783
effluent,12.7811000292584
petri,12.5044583568418
martinez,12.4682116264988
time,12.4495553465126
texp,12.4418538386345
predicted,12.2025661838815
neifar,12.0670376288096
versicolor,11.963749648073
murugesan,11.9238127644466
optimum,11.9190357447997
khlifi,11.7763075897855
dishes,11.7138480579727
51,11.3567727972282
concentrations,11.2307647192959
minimize,11.1577922022413
removal,11.0300623948247
saratale,11.0104900744756
variables,10.9088800558088
pigm,10.661457901107
05,10.5464869025711
detoxification,10.5360498482393
color,10.5182056013756
index,10.4991159931252
technol,10.4405426835735
remazol,10.4348334957588
surface,10.3832046158001
design,10.3640670782064
effect,10.3393505115465
tempo,10.2700040650455
sayadi,10.2608576548258
decolorized,9.90655971859177
toxicity,9.88617518596843
culture,9.87617178563468
redox,9.7699932786754
camarero,9.67939757677742
optimize,9.626755115514
soil,9.55878082985316
fungal,9.29368656419414
adsorption,8.99165532448508
clean,8.90275222487341
produced,8.85466836394363
sfax,8.80262936270799
detoxify,8.77630758978547
designs,8.65044902456702
badot,8.64675174386772
capar,8.64675174386772
karagozoglu,8.64675174386772
amines,8.55031355239201
value,8.51374780277017
carcinogenicity,8.45467768084186
phs,8.30122011349972
nyanhongo,8.29456922575636
buffer,8.2365720961162
conditions,8.20776626528213
reaction,8.14423099182676
tavares,8.11598332566531
enzymes,8.10484356648042
microbiol,8.06159963522505
flasks,8.05498281803185
crini,8.04469175253976
bleaching,8.02504758285879
60,7.86174534962042
golob,7.85087172652365
soloman,7.85087172652365
umbuzeiro,7.85087172652365
chlorpyrifos,131.396201137287
cp,62.3297874811928
fermentum,60.9112241014735
opp,58.7226137305363
lactis,48.6366238585934
organophosphorous,43.4928704111741
degradation,38.5308230970072
pesticide,27.4553536049918
strains,24.062264955467
tcp,23.927499296146
coli,21.103828850759
plantarum,20.7983534767575
mtcc,15.9637082415137
sp,15.8802960754835
faecalis,15.3373200351101
broth,14.5895103145237
bacteria,13.3548626193612
degrading,13.1486194603406
shafiani,12.9701276158016
lactobacillus,12.7811000292584
pesticides,12.0507348956486
strain,11.337005812882
end,11.207332556031
intestinal,11.0810922770773
degraded,10.9052870284742
ms,10.8628844821035
microbiol,10.7487995136334
enzyme,10.7332200241206
randhawa,9.90655971859177
soil,9.55878082985316
sphingomonas,9.39913252129071
insecticides,9.30221116475254
biodegradation,9.28483924070941
hydrolase,8.9695553000919
environ,8.95864842600132
extracellular,8.86796503498333
nocardiodes,8.64675174386772
munnecke,8.64675174386772
richnis,8.64675174386772
ahdaya,8.64675174386772
tolerate,8.55473776446505
phosphatase,8.11336077394421
diethylphosphate,8.04469175253976
diethylthiophosphate,8.04469175253976
degrade,7.88091730287953
mulbry,7.85087172652365
microflora,7.61413811076928
chroococcum,7.55861565516717
servin,7.55861565516717
bacterium,7.53617271241439
anwar,7.51149580917598
pseudomonas,7.50797623884568
concentrations,7.48717647953057
mass,7.4694265898198
malathion,7.4426317612118
parathion,7.34032671631704
absorbed,7.31967128375469
spectrum,7.31956458219986
bacillus,7.29475515726183
atif,7.24881173519568
carbofuran,7.16602636487923
mutch,6.89662921708432
tract,6.86140657546099
supernatant,6.82645011706388
paracoccus,6.78791389243914
apci,6.73826672498907
activity,6.63210540081616
growth,6.54645520383731
microbial,6.53271916762139
biller,6.26608834752714
ralstonia,6.21178385543991
hydrolysis,6.17800559972449
azotobacter,6.16067564649513
products,6.14331224811661
assay,6.14190430774935
malik,6.13729997288931
nrrl,6.11240828706169
intracellular,6.10986260689265
liberating,6.08924454196206
uninoculated,6.06668252114269
sartor,6.00231315439988
lactobacilli,6.00231315439988
tolerance,5.96474564346139
gastrointestinal,5.90568218765615
organophosphorus,5.81680504792609
humans,5.80256439305968
pumilus,5.80025999599411
containing,5.61635917782715
kale,5.52216601495477
toxic,5.51359985408725
gi,5.40867701757921
lakshmi,5.31184583808782
mpd,5.2663595838107
india,5.24955799656257
agar,5.12543596770218
food,5.04070231158067
insecticide,5.02763231459719
srm,5.02092503058201
bacterial,5.01705208218696
agriculture,4.98185412075686
rna,127.207463214595
lentil,79.3112359964697
etiolated,32.178767010159
leaf,31.2988015878685
tissues,28.2387940827169
isolation,27.3809503457557
plant,27.2533464049061
pvp,24.3479499769959
dnase,23.6681436010869
extraction,21.0081222701829
kranner,20.1117293813494
cdna,18.3299502550774
library,18.1577202472653
dna,17.9781261511128
polysaccharides,17.7978571689344
lectin,17.7415052931091
polyvinylpyrrolidone,16.9093553616837
polyphenols,16.7221419448321
phenolic,15.985950755458
lane,15.8104358957671
gene,15.3567386186116
seedling,14.4600605388744
borax,13.9131113276784
contaminants,13.5988261235843
nucleic,13.4633853670918
contaminating,12.8566371205721
pcr,12.551900101877
plants,11.863648753579
rich,11.6496249660417
seeds,11.5893536899237
mattheus,11.3379234827508
quality,11.2809779771074
chromosomal,11.2573070435499
licl,11.0443320299095
decahydrate,11.0104900744756
root,10.9751750046312
culinaris,10.8732176027935
leaves,10.3606726578444
acids,10.3017237702405
amplification,10.2984067725949
contamination,10.1394444981256
leguminous,10.036956799935
salzman,9.67939757677742
buffer,9.26614360813072
seed,8.9626804665867
total,8.96096336697075
construction,8.93543476767306
rcf,8.9135800614675
stem,8.82292626494546
precipitation,8.65044902456702
riboruler,8.64675174386772
ay547295,8.64675174386772
birtic,8.64675174386772
gujaria,8.64675174386772
phenol,8.63939825054144
genomic,8.44153154030362
isolated,8.40870168551404
gsss,8.29456922575636
koonjul,8.29456922575636
dnase1,8.29456922575636
supernatant,8.19174014047666
method,8.1620571365801
grill,8.14776254615758
lipids,8.09183956300263
seedlings,8.08496082565065
pvpp,7.85087172652365
eliminate,7.76814702377204
pigeonpea,7.6925092344284
grinding,7.53138754587302
singh,7.36819284036802
reverse,7.26965663328779
amplicon,7.26085765482575
ecor1,7.24881173519568
iari,7.24881173519568
guanidinium,7.22868605865043
tetraborate,7.16602636487923
developing,7.10666945307076
anal,6.99460811143316
chomczynski,6.89662921708432
gehrig,6.89662921708432
centrifugation,6.79204748551382
isolating,6.76001401597832
protocol,6.65453551733786
macromolecular,6.6354157669627
tissue,6.56104080374999
positives,6.55521952130274
false,6.54695841068627
ladder,6.35776766783381
ests,6.32401573939777
chickpea,6.32401573939777
samples,6.32242569508039
woodhead,6.18585390111117
28s,6.16067564649513
sarkosyl,6.13620673366111
proteins,6.11620255024651
sacchi,6.08924454196206
thiocyanate,6.06378448493298
blocker,6.03169213716532
phytochem,5.942386707645
quantity,5.87627932053112
nhase,284.622841673851
rhodochrous,137.727422968718
hydratase,88.6299201623946
nitrile,70.9717019892444
mutant,70.5975953278783
4d,55.8479668545241
rhodococcus,46.9384111271156
j1,32.085192606499
bhalla,29.8165121673554
prasad,26.7175963424975
nagasawa,26.5051822150516
pratush,25.9402552316032
purified,24.9141881990938
gff,23.5526151795709
buffer,21.621001752305
asf,20.8696669915176
purification,20.1956174570414
raj,19.6926743278646
cfe,19.231273086071
wieser,18.4820269394854
activity,17.8556683868127
wild,17.2216041901413
enzyme,17.173152038593
nhases,16.5891384515127
kda,16.1497564492055
ammonium,15.980482374647
vmax,15.3373200351101
yamada,15.0227939705031
microbiol,14.7795993312459
potassium,14.5091829044673
kobayashi,14.4965355327599
chromatography,13.7935389207966
phosphate,13.4284774558802
deaef,12.9701276158016
sulfate,12.8702024049598
gel,12.6670688966381
butyronitrile,12.4418538386345
tc,12.1294336897833
sequence,11.7537019162111
strain,11.337005812882
nitrilase,10.8732176027935
exchange,10.7909134335723
chlororaphis,10.7490395473189
nicotinamide,10.5962794463897
protein,10.5143798366418
brevibacterium,10.036956799935
acrylamide,9.77024911861228
biotechnol,9.69925113418748
banerjee,9.50064998998527
himachal,9.35776766783381
resting,9.14958910469336
mutagenesis,9.12532659072131
filtration,9.09361603547293
permeation,9.06588408238956
ph,8.97368815387936
fractionation,8.87146274865555
lane5,8.64675174386772
55,8.61232572785854
lane4,8.29456922575636
ryuno,8.29456922575636
r312,8.04469175253976
mnng,8.04469175253976
lane3,8.04469175253976
nitriles,8.01049007447555
substrate,7.94605489460008
seth,7.87321760279353
lane2,7.85087172652365
thermophilic,7.52140371582624
lane1,7.4426317612118
pseudonocardia,7.4426317612118
india,7.3493811951876
ions,7.34833724251139
asano,7.26085765482575
pradesh,7.22076577015181
fractions,7.16337737117493
characterization,7.09834218633505
hydratases,7.09044924310044
fraction,7.06721220314519
iodoacetic,7.02092503058201
earlier,6.94009889601407
shimla,6.89662921708432
optimization,6.86870974067299
b23,6.84057176988384
biochem,6.78083922585393
thermophila,6.73826672498907
homology,6.65954996249938
cramp,6.56396637355127
yamaki,6.56396637355127
cowan,6.46817561155706
amidase,6.38608420687771
pooled,6.33679696009253
deae,6.26608834752714
column,6.1838835520907
sephacryl,6.06668252114269
km,6.06224814833721
metal,6.0301432350963
amides,6.02536744782432
persulfate,6.00231315439988
fecl2,6.00231315439988
1992,6.00075001060964
duck,138.328737620446
typing,127.572405396073
foodborne,125.061308530411
campylobacter,101.525446172588
adzitey,99.5348307090763
pcr,96.6496307844529
wassenaar,73.7197128211111
ducks,71.435514337559
pathogens,67.9894497339776
newell,67.6836307817255
discriminatory,61.4137572376459
typeability,58.8815379489274
isolates,58.3732614936914
dna,53.9343784533385
salmonella,52.1332442201266
pfge,51.379879896588
jejuni,50.1400219834906
trindade,45.6568616952912
bacteria,45.4065329058279
multiplex,45.1234282647417
rapd,44.5689084297694
mlst,42.4148144105432
maiden,42.1745301365211
hatcheries,41.5723861034194
microbiol,40.3079981761253
detection,35.5453657261349
reproducibility,32.3350344607296
abulreesh,32.178767010159
plasmid,30.4062867255179
techniques,30.0021096777268
urwin,29.9103828474048
polymerase,29.7805162868936
repetitive,29.3542937206183
multilocus,28.1149251095499
sequencing,26.6537993818194
huda,26.5870069754709
spratt,26.1011699819735
spp,26.0852207621896
restriction,24.8521692343482
primers,24.044035301286
amplified,23.7625064004198
power,23.5529538085136
ducklings,23.5526151795709
extragenic,23.0775277032852
rrna,22.8973848470253
corry,22.8387462210617
polymorphism,22.534541517906
electrophoresis,22.0133094979175
16s,21.9143657672344
coli,21.103828850759
deoxyribonucleic,20.9606759505216
magistrado,20.7364230643909
shi,20.2926616554875
sails,19.231273086071
isolated,19.1106856488955
serovars,18.4820269394854
strains,18.4005555541807
food,18.1465283216904
aflp,17.9456244721095
enterobacterial,17.9150659121981
sequence,17.6305528743166
bacterial,17.5596822876544
meat,17.430413314594
boonmar,17.2935034877354
mohran,17.2935034877354
campylobacters,17.1014294247096
2000,16.7134692761538
potsdam,16.6168793596693
gel,16.5646285571421
detect,16.496252328601
ribotyping,16.2209731294312
nurul,16.132329294629
genes,15.9836601417125
outbreaks,15.7476026511142
outbreak,15.3177025438996
advantages,15.1999385090096
nachamkin,15.1172313103343
babalola,15.1172313103343
pulsed,15.113161113046
surveillance,15.0011872248397
palindromic,14.9047659555583
amplification,14.7120096751356
poultry,14.4893451183313
chain,14.3775963832559
picken,14.1808984862009
colles,14.041850061164
fragments,14.0285496870008
eggs,13.9928987774482
enright,13.7467230210307
intergenic,13.633893881537
nested,13.6333400969189
struelens,13.5758277848783
monocytogenes,13.5266388761088
identify,13.4921243010817
samples,13.4351546020458
arbeit,13.2935034877354
listeria,13.2796145952195
2003,13.2398715890016
technique,13.1929152673365
sequences,13.1786302319137
xylanase,311.483484199439
bran,112.765237829127
wheat,106.304765690412
production,68.1926297316389
aspergillus,62.0218487923716
enzyme,48.2994901085428
cob,40.5503265606132
productivity,39.0276992093789
xylan,37.0013100237846
r2,35.5120233309208
peptone,32.6500971473791
candidus,32.178767010159
variables,31.6357521618454
corn,31.2193586148028
straw,30.009661787832
agro,27.4016004388293
yeast,24.5310187784896
cellulase,23.504117786034
penicillium,22.7474626913081
nitrogen,21.9609186928279
extract,21.8950842737383
spelt,20.689887651253
response,19.7557219793547
sources,19.6154225004697
cmcase,19.4651677553174
value,19.4599949777604
bagasse,19.4551547930851
biotechnol,19.398502268375
nidulans,19.3587951535548
optimization,19.2323872738844
volumetric,19.1348578242742
gomes,18.6347055685857
trichoderma,18.4949424419079
xylanases,18.4820269394854
xylose,18.1937000163315
aad,17.7261231077511
strain,17.6353423755942
fungus,17.053163828568
meerut,16.5891384515127
oat,16.5310448872012
surface,16.4400739750168
ph,16.315796643417
fermentation,16.1099656360637
thermomyces,16.0471625981351
lanuginosus,15.9652105171943
flask,15.7824202551292
bioreactor,15.1031753876998
pure,14.8929479026708
alkali,14.562364762733
taneja,14.4600605388744
incubation,14.0659115169289
tolerant,13.9664440640179
fumigatus,13.7179613765853
substrate,13.621808390743
predicted,13.4228228022696
activity,13.2642108016323
carbon,13.1425515687525
fungal,13.0111611898718
qinnghe,12.9701276158016
media,12.8857279213022
alkaline,12.8026470423233
shake,12.7261231077511
bioprocess,12.6902301846155
effect,12.5160558823984
maximum,12.1678158502397
sugar,12.0378322562341
katapodis,11.7763075897855
damaso,11.7763075897855
quadratic,11.5317126631754
cost,11.1814994252068
bajaj,11.0682934846663
titer,11.0222505955404
niveus,11.0104900744756
christakopoulos,11.0104900744756
residues,10.822257488874
carmona,10.7596296654171
microbiol,10.7487995136334
model,10.6438426534445
plot,10.6187509873558
inoculated,10.6133202715803
oxalicum,10.531387545873
technol,10.4405426835735
bakri,10.1818708386587
sugars,10.1555990028869
sudan,9.87627932053112
culture,9.87617178563468
xylanolytic,9.73258387765871
cultivation,9.68884799167775
biely,9.62829755888107
methodology,9.59408400222839
process,9.59050956532456
souza,9.53784072149159
adjusted,9.29726121794276
optimized,9.27581573457114
concentration,8.96701240499263
silva,8.79988188930587
biochem,8.7182218618122
rice,8.71510605413635
seyis,8.64675174386772
lenartovicz,8.64675174386772
decolorization,389.725938211048
dye,164.81969975914
cupreum,121.054524414148
rv,65.2304332806734
dyes,63.9026899012885
laccase,53.0460421429405
ligninolytic,51.3509203140324
mnp,41.3042218713231
reactive,40.8789249567633
fungi,36.6262853484252
textile,34.5018511845022
decolorize,33.9395694621957
azo,31.7905759639607
biodegradation,27.8545177221282
ganoderma,27.7230404092281
mannose,27.2953017407812
enzyme,26.8330500603016
saratale,25.6911435071096
sda,24.0092526175995
rot,23.504117786034
decolorizing,20.8696669915176
ftir,19.1472859757216
concentration,18.7492077558937
fungal,18.5873731283883
ph,17.9473763077587
violet,17.3445887235431
govindwar,16.9697847310978
carbon,16.8975663026817
culture,16.789492035579
shaking,16.3154777555452
efficiency,16.1910268950506
sp,15.8802960754835
condition,15.4196812681491
kalme,14.8852635224236
effect,14.6927612532503
abts,14.6710489378466
degraded,14.5403827046322
nitrogen,