Word,Count,TF
extract,2,0.000251730648206419
served,1,0.00012586532410321
Antibody,1,0.00012586532410321
intracellular,1,0.00012586532410321
Technology,4,0.000503461296412838
Bulgarian,1,0.00012586532410321
Biomedical,5,0.000629326620516048
Cross,1,0.00012586532410321
prepare,1,0.00012586532410321
engineered,2,0.000251730648206419
Lyon,1,0.00012586532410321
B16,2,0.000251730648206419
Janeiro,2,0.000251730648206419
human,24,0.00302076777847703
site,30,0.00377595972309629
utilized,2,0.000251730648206419
digestion,1,0.00012586532410321
de,6,0.000755191944619257
zone,5,0.000629326620516048
attempt,1,0.00012586532410321
dominated,1,0.00012586532410321
Activities,1,0.00012586532410321
clear,2,0.000251730648206419
Dai,2,0.000251730648206419
Hangzhou,3,0.000377595972309629
Staphylococcus,31,0.0039018250471995
DR,6,0.000755191944619257
binary,1,0.00012586532410321
specific,29,0.00365009439899308
4T,2,0.000251730648206419
evidence,4,0.000503461296412838
P4,2,0.000251730648206419
entire,1,0.00012586532410321
lymphocyte,5,0.000629326620516048
introduction,1,0.00012586532410321
toxins,23,0.00289490245437382
failed,1,0.00012586532410321
curve,1,0.00012586532410321
Tetragonal,1,0.00012586532410321
Substitution,1,0.00012586532410321
sets,1,0.00012586532410321
metal,1,0.00012586532410321
Lei,1,0.00012586532410321
producing,1,0.00012586532410321
pET,2,0.000251730648206419
SPEA,1,0.00012586532410321
MD,1,0.00012586532410321
stimulatory,2,0.000251730648206419
Sussman,1,0.00012586532410321
secreted,4,0.000503461296412838
belongs,1,0.00012586532410321
Trousseau,1,0.00012586532410321
overlap,1,0.00012586532410321
mutagenesis,9,0.00113278791692889
Yao,2,0.000251730648206419
Pharmazie,1,0.00012586532410321
yield,1,0.00012586532410321
calculated,1,0.00012586532410321
Binding,3,0.000377595972309629
rn,1,0.00012586532410321
Kuntsmann,1,0.00012586532410321
Molecular,4,0.000503461296412838
acidic,1,0.00012586532410321
kDa,2,0.000251730648206419
dimensional,6,0.000755191944619257
structural,9,0.00113278791692889
Feng,1,0.00012586532410321
leukocytes,5,0.000629326620516048
application,8,0.00100692259282568
activator,1,0.00012586532410321
RESULT,1,0.00012586532410321
peripheral,7,0.000881057268722467
Kong,16,0.00201384518565135
interfere,1,0.00012586532410321
1s,1,0.00012586532410321
alkali,3,0.000377595972309629
microM,2,0.000251730648206419
dual,3,0.000377595972309629
splenic,1,0.00012586532410321
Russian,1,0.00012586532410321
facilitating,1,0.00012586532410321
demonstrates,1,0.00012586532410321
correct,1,0.00012586532410321
ray,4,0.000503461296412838
streptavidin,7,0.000881057268722467
Struct,1,0.00012586532410321
Whitney,1,0.00012586532410321
showing,1,0.00012586532410321
labeled,2,0.000251730648206419
concordant,1,0.00012586532410321
segment,2,0.000251730648206419
reading,1,0.00012586532410321
discussed,3,0.000377595972309629
tumors,3,0.000377595972309629
Zhang,30,0.00377595972309629
MAb,4,0.000503461296412838
thrombosis,2,0.000251730648206419
polyclonal,9,0.00113278791692889
Dongguan,1,0.00012586532410321
changed,1,0.00012586532410321
forms,7,0.000881057268722467
litres,1,0.00012586532410321
associative,1,0.00012586532410321
level,1,0.00012586532410321
suppression,1,0.00012586532410321
T20L,5,0.000629326620516048
modified,1,0.00012586532410321
Environment,1,0.00012586532410321
fluorescent,2,0.000251730648206419
BC,2,0.000251730648206419
TR,1,0.00012586532410321
implicate,1,0.00012586532410321
merits,1,0.00012586532410321
nodes,1,0.00012586532410321
positive,1,0.00012586532410321
Lechler,1,0.00012586532410321
Brno,1,0.00012586532410321
AS,1,0.00012586532410321
washings,4,0.000503461296412838
cold,1,0.00012586532410321
Nucleotide,1,0.00012586532410321
Vancouver,1,0.00012586532410321
considerable,3,0.000377595972309629
rabbit,4,0.000503461296412838
13A,1,0.00012586532410321
immunologically,2,0.000251730648206419
Cw3,1,0.00012586532410321
Foundation,1,0.00012586532410321
Utilizing,1,0.00012586532410321
coating,1,0.00012586532410321
Food,7,0.000881057268722467
Clin,1,0.00012586532410321
activity,59,0.00742605412208936
Sixty,1,0.00012586532410321
emesis,1,0.00012586532410321
maintaining,1,0.00012586532410321
CD8,2,0.000251730648206419
side,3,0.000377595972309629
Hui,4,0.000503461296412838
cows,2,0.000251730648206419
sedimentation,1,0.00012586532410321
Columbia,1,0.00012586532410321
treat,1,0.00012586532410321
difunctionality,1,0.00012586532410321
cm2v,1,0.00012586532410321
SC,1,0.00012586532410321
hybridomas,1,0.00012586532410321
react,2,0.000251730648206419
Microheterogeneity,1,0.00012586532410321
removed,1,0.00012586532410321
significance,1,0.00012586532410321
mobilities,2,0.000251730648206419
control,4,0.000503461296412838
major,11,0.00138451856513531
cheese,5,0.000629326620516048
Avon,1,0.00012586532410321
Sequence,1,0.00012586532410321
Rochester,1,0.00012586532410321
CN,1,0.00012586532410321
conjugated,1,0.00012586532410321
PMC265894,1,0.00012586532410321
identity,1,0.00012586532410321
column,3,0.000377595972309629
vigorous,1,0.00012586532410321
good,2,0.000251730648206419
native,12,0.00151038388923851
clearly,2,0.000251730648206419
METHODS,4,0.000503461296412838
PMC550783,1,0.00012586532410321
increasing,1,0.00012586532410321
Universidade,1,0.00012586532410321
numbers,1,0.00012586532410321
bind,7,0.000881057268722467
compare,2,0.000251730648206419
Osada,1,0.00012586532410321
apoptotic,1,0.00012586532410321
ssle,1,0.00012586532410321
PMC238982,1,0.00012586532410321
exploited,1,0.00012586532410321
PMC257687,1,0.00012586532410321
Immunologically,1,0.00012586532410321
Pletcher,1,0.00012586532410321
Production,1,0.00012586532410321
Intrinsic,1,0.00012586532410321
Bacteriology,2,0.000251730648206419
levels,10,0.0012586532410321
TNFR1,1,0.00012586532410321
staphylococcus,4,0.000503461296412838
infections,6,0.000755191944619257
transport,1,0.00012586532410321
FRI361,1,0.00012586532410321
Bakteriol,1,0.00012586532410321
profound,1,0.00012586532410321
compensation,2,0.000251730648206419
adoptive,1,0.00012586532410321
Specific,1,0.00012586532410321
afforded,1,0.00012586532410321
BALB,3,0.000377595972309629
storage,3,0.000377595972309629
anergy,5,0.000629326620516048
Nat,2,0.000251730648206419
suitable,3,0.000377595972309629
mVbeta8,2,0.000251730648206419
formation,4,0.000503461296412838
Chagas,1,0.00012586532410321
interface,1,0.00012586532410321
immunotherapy,9,0.00113278791692889
AC,5,0.000629326620516048
family,4,0.000503461296412838
subsp,1,0.00012586532410321
carboxyl,2,0.000251730648206419
Xu,11,0.00138451856513531
pyrogenic,6,0.000755191944619257
scission,1,0.00012586532410321
water,2,0.000251730648206419
constants,2,0.000251730648206419
Streptococcus,3,0.000377595972309629
activators,2,0.000251730648206419
FS,1,0.00012586532410321
responsiveness,3,0.000377595972309629
la,1,0.00012586532410321
corresponded,1,0.00012586532410321
parameters,3,0.000377595972309629
Medical,10,0.0012586532410321
milkers,1,0.00012586532410321
differentiation,4,0.000503461296412838
interest,1,0.00012586532410321
affinities,1,0.00012586532410321
Functional,1,0.00012586532410321
cytokine,4,0.000503461296412838
intrathymic,1,0.00012586532410321
HV4beta,3,0.000377595972309629
mesophilic,1,0.00012586532410321
individually,1,0.00012586532410321
Japanese,1,0.00012586532410321
complete,2,0.000251730648206419
extents,1,0.00012586532410321
promising,5,0.000629326620516048
HExxH,1,0.00012586532410321
justifies,1,0.00012586532410321
surprising,2,0.000251730648206419
hand,1,0.00012586532410321
Amino,1,0.00012586532410321
effective,4,0.000503461296412838
Iwate,1,0.00012586532410321
pattern,1,0.00012586532410321
sequential,1,0.00012586532410321
importantly,1,0.00012586532410321
consisted,2,0.000251730648206419
temporal,1,0.00012586532410321
potent,5,0.000629326620516048
possesses,2,0.000251730648206419
definitively,1,0.00012586532410321
Pittsburgh,1,0.00012586532410321
domains,9,0.00113278791692889
ampule,1,0.00012586532410321
comparison,8,0.00100692259282568
Synthesis,1,0.00012586532410321
Schad,1,0.00012586532410321
unit,4,0.000503461296412838
2J,1,0.00012586532410321
Mutational,1,0.00012586532410321
YM,1,0.00012586532410321
occurred,1,0.00012586532410321
construct,1,0.00012586532410321
applications,1,0.00012586532410321
sequenced,1,0.00012586532410321
Bohach,3,0.000377595972309629
Hong,16,0.00201384518565135
TRUNCATED,1,0.00012586532410321
agent,8,0.00100692259282568
T,96,0.0120830711139081
usage,1,0.00012586532410321
normal,2,0.000251730648206419
include,2,0.000251730648206419
vitro,16,0.00201384518565135
Single,1,0.00012586532410321
isolated,10,0.0012586532410321
numerous,1,0.00012586532410321
polymorphonuclear,3,0.000377595972309629
bacterial,7,0.000881057268722467
Canada,1,0.00012586532410321
His122,2,0.000251730648206419
solve,2,0.000251730648206419
preliminary,1,0.00012586532410321
theory,1,0.00012586532410321
contributed,2,0.000251730648206419
gel,10,0.0012586532410321
van,1,0.00012586532410321
homogeneous,2,0.000251730648206419
storing,1,0.00012586532410321
Interestingly,1,0.00012586532410321
prone,1,0.00012586532410321
Bio,1,0.00012586532410321
proportional,1,0.00012586532410321
shared,2,0.000251730648206419
Sax,2,0.000251730648206419
biological,13,0.00163624921334172
Chem,3,0.000377595972309629
Hygiene,2,0.000251730648206419
Bacteriol,1,0.00012586532410321
Crystal,3,0.000377595972309629
ZH,1,0.00012586532410321
Tsen,1,0.00012586532410321
Ho,2,0.000251730648206419
pretreatment,1,0.00012586532410321
Lett,3,0.000377595972309629
unglycosylated,2,0.000251730648206419
inefficiency,1,0.00012586532410321
period,2,0.000251730648206419
monkeys,1,0.00012586532410321
Methylthiazol,1,0.00012586532410321
Sepharose,1,0.00012586532410321
CY,1,0.00012586532410321
Chow,2,0.000251730648206419
versatility,1,0.00012586532410321
enterotoxigenic,1,0.00012586532410321
384188a0,1,0.00012586532410321
DQw6,1,0.00012586532410321
thrombin,1,0.00012586532410321
Warrens,1,0.00012586532410321
profile,1,0.00012586532410321
Murine,2,0.000251730648206419
Hyg,1,0.00012586532410321
happen,1,0.00012586532410321
Antitumour,1,0.00012586532410321
MTT,2,0.000251730648206419
Chen,6,0.000755191944619257
resolve,1,0.00012586532410321
mixture,2,0.000251730648206419
BA,4,0.000503461296412838
SEC3,4,0.000503461296412838
FEMS,1,0.00012586532410321
plate,1,0.00012586532410321
fairly,1,0.00012586532410321
Immunother,2,0.000251730648206419
Eur,2,0.000251730648206419
PLATE,2,0.000251730648206419
Military,1,0.00012586532410321
rights,2,0.000251730648206419
loading,1,0.00012586532410321
remained,2,0.000251730648206419
neutral,1,0.00012586532410321
Bath,6,0.000755191944619257
ability,8,0.00100692259282568
MC,3,0.000377595972309629
controls,3,0.000377595972309629
disproportionately,1,0.00012586532410321
C1,32,0.00402769037130271
Nanjing,2,0.000251730648206419
diacetylactis,1,0.00012586532410321
inducible,1,0.00012586532410321
Pharmacy,1,0.00012586532410321
Province,2,0.000251730648206419
P2,1,0.00012586532410321
relation,1,0.00012586532410321
Baker,1,0.00012586532410321
AID,1,0.00012586532410321
sandwich,2,0.000251730648206419
anti,14,0.00176211453744493
NSM,3,0.000377595972309629
s00253,6,0.000755191944619257
proliferate,1,0.00012586532410321
Physiological,1,0.00012586532410321
exponential,1,0.00012586532410321
AND,4,0.000503461296412838
multiple,2,0.000251730648206419
suppressed,1,0.00012586532410321
CAS,1,0.00012586532410321
Passalacqua,2,0.000251730648206419
shock,14,0.00176211453744493
Shenyang,19,0.00239144115796098
separated,1,0.00012586532410321
Immun,6,0.000755191944619257
blood,9,0.00113278791692889
Isolation,2,0.000251730648206419
quantities,3,0.000377595972309629
Biophys,1,0.00012586532410321
AW,2,0.000251730648206419
SIGNIFICANCE,2,0.000251730648206419
common,5,0.000629326620516048
reactive,10,0.0012586532410321
help,1,0.00012586532410321
proposed,1,0.00012586532410321
mixed,3,0.000377595972309629
viral,1,0.00012586532410321
neutralizing,2,0.000251730648206419
proapoptotic,1,0.00012586532410321
chosen,1,0.00012586532410321
differing,1,0.00012586532410321
adjuvant,1,0.00012586532410321
improvement,2,0.000251730648206419
delivery,5,0.000629326620516048
Drug,1,0.00012586532410321
link,3,0.000377595972309629
form,5,0.000629326620516048
reaction,3,0.000377595972309629
removal,2,0.000251730648206419
Lys103,1,0.00012586532410321
APMIS,1,0.00012586532410321
determined,13,0.00163624921334172
variability,1,0.00012586532410321
MS,4,0.000503461296412838
Precision,1,0.00012586532410321
Thermonuclease,2,0.000251730648206419
broadly,1,0.00012586532410321
high,9,0.00113278791692889
Vopr,1,0.00012586532410321
USA,4,0.000503461296412838
bp,1,0.00012586532410321
minimal,2,0.000251730648206419
determination,1,0.00012586532410321
aim,3,0.000377595972309629
tool,2,0.000251730648206419
early,1,0.00012586532410321
displaced,1,0.00012586532410321
perfect,1,0.00012586532410321
SEC1,14,0.00176211453744493
Manzotti,1,0.00012586532410321
immunosensors,1,0.00012586532410321
deduced,1,0.00012586532410321
Biopharmaceuticals,2,0.000251730648206419
stationary,1,0.00012586532410321
zickov,1,0.00012586532410321
beta9,1,0.00012586532410321
Gao,2,0.000251730648206419
decreasing,1,0.00012586532410321
increased,11,0.00138451856513531
serological,1,0.00012586532410321
monoclinic,2,0.000251730648206419
osteoblast,4,0.000503461296412838
Antibodies,1,0.00012586532410321
CM,1,0.00012586532410321
PMC313868,1,0.00012586532410321
inhibitory,1,0.00012586532410321
linked,10,0.0012586532410321
peculiarities,1,0.00012586532410321
pathogenesis,1,0.00012586532410321
Johnson,1,0.00012586532410321
Surface,1,0.00012586532410321
intrathymically,1,0.00012586532410321
pre,5,0.000629326620516048
methyl,1,0.00012586532410321
genetically,1,0.00012586532410321
immunoadsorbent,1,0.00012586532410321
components,4,0.000503461296412838
quarter,3,0.000377595972309629
greater,3,0.000377595972309629
protonated,1,0.00012586532410321
ligands,2,0.000251730648206419
FRI137,2,0.000251730648206419
methylthiazol,1,0.00012586532410321
daltons,1,0.00012586532410321
polystyrene,1,0.00012586532410321
Turner,1,0.00012586532410321
mutants,20,0.00251730648206419
interaction,10,0.0012586532410321
cytotoxic,3,0.000377595972309629
broad,1,0.00012586532410321
JM,1,0.00012586532410321
Stimulation,1,0.00012586532410321
clinics,1,0.00012586532410321
plasmon,1,0.00012586532410321
Hewitt,1,0.00012586532410321
Application,1,0.00012586532410321
KDs,2,0.000251730648206419
SP,2,0.000251730648206419
reacted,2,0.000251730648206419
CR,1,0.00012586532410321
visionnelle,1,0.00012586532410321
mkxu,1,0.00012586532410321
lysate,1,0.00012586532410321
possibility,2,0.000251730648206419
interpret,1,0.00012586532410321
equal,1,0.00012586532410321
detailed,2,0.000251730648206419
Kingdom,1,0.00012586532410321
Lund,1,0.00012586532410321
temperature,2,0.000251730648206419
women,2,0.000251730648206419
vector,4,0.000503461296412838
alkaline,2,0.000251730648206419
s00262,2,0.000251730648206419
Immunol,7,0.000881057268722467
drastically,1,0.00012586532410321
Pharmacol,1,0.00012586532410321
SK,1,0.00012586532410321
satisfying,2,0.000251730648206419
bone,1,0.00012586532410321
Cx,1,0.00012586532410321
clinic,10,0.0012586532410321
pools,1,0.00012586532410321
superantigenrecognition,1,0.00012586532410321
producer,1,0.00012586532410321
final,1,0.00012586532410321
Crystallogr,2,0.000251730648206419
composed,2,0.000251730648206419
leukemia,2,0.000251730648206419
necrosis,1,0.00012586532410321
biologically,1,0.00012586532410321
activates,1,0.00012586532410321
Clinical,2,0.000251730648206419
mAbs,6,0.000755191944619257
Crystals,1,0.00012586532410321
geometry,2,0.000251730648206419
assays,11,0.00138451856513531
SEs,10,0.0012586532410321
glycosylation,1,0.00012586532410321
substituted,1,0.00012586532410321
SET2,4,0.000503461296412838
highly,1,0.00012586532410321
infectious,1,0.00012586532410321
Microbiology,8,0.00100692259282568
Infektions,1,0.00012586532410321
AD,3,0.000377595972309629
Melling,1,0.00012586532410321
Commencing,1,0.00012586532410321
belong,2,0.000251730648206419
larger,1,0.00012586532410321
paper,1,0.00012586532410321
growth,22,0.00276903713027061
problem,2,0.000251730648206419
immunocyte,2,0.000251730648206419
Cancer,2,0.000251730648206419
Sciences,26,0.00327249842668345
Improved,1,0.00012586532410321
linear,1,0.00012586532410321
Aerobic,1,0.00012586532410321
dodecyl,2,0.000251730648206419
limited,2,0.000251730648206419
Nihon,1,0.00012586532410321
directed,9,0.00113278791692889
producers,3,0.000377595972309629
serum,5,0.000629326620516048
terms,1,0.00012586532410321
neutralized,2,0.000251730648206419
Kourilsky,1,0.00012586532410321
rztliche,1,0.00012586532410321
Immunology,1,0.00012586532410321
Bisch,1,0.00012586532410321
K562,4,0.000503461296412838
yields,2,0.000251730648206419
ng,10,0.0012586532410321
introduce,1,0.00012586532410321
bab,2,0.000251730648206419
Faculty,8,0.00100692259282568
Stavric,2,0.000251730648206419
exchange,2,0.000251730648206419
Alternatively,1,0.00012586532410321
epidemiology,1,0.00012586532410321
immunological,2,0.000251730648206419
Conservation,1,0.00012586532410321
Unit,1,0.00012586532410321
acids,6,0.000755191944619257
Xinxiang,2,0.000251730648206419
parental,1,0.00012586532410321
Shenzhen,3,0.000377595972309629
improved,5,0.000629326620516048
molar,1,0.00012586532410321
RN,1,0.00012586532410321
Shinagawa,1,0.00012586532410321
indicates,2,0.000251730648206419
PMC184344,1,0.00012586532410321
angles,1,0.00012586532410321
Tier,1,0.00012586532410321
action,2,0.000251730648206419
Sun,5,0.000629326620516048
HR,1,0.00012586532410321
inducing,1,0.00012586532410321
exist,1,0.00012586532410321
milking,1,0.00012586532410321
PAGE,1,0.00012586532410321
Interferon,1,0.00012586532410321
fusion,8,0.00100692259282568
bridge,3,0.000377595972309629
pairs,1,0.00012586532410321
termini,1,0.00012586532410321
Saikingaku,1,0.00012586532410321
7AY,2,0.000251730648206419
loop,5,0.000629326620516048
employs,1,0.00012586532410321
mechanism,6,0.000755191944619257
positions,4,0.000503461296412838
oligopeptides,1,0.00012586532410321
recognition,7,0.000881057268722467
haemolysin,1,0.00012586532410321
counts,2,0.000251730648206419
Cbfa1,2,0.000251730648206419
Microbiol,18,0.00226557583385777
elements,1,0.00012586532410321
procedure,1,0.00012586532410321
culture,11,0.00138451856513531
antitumour,10,0.0012586532410321
HV4,2,0.000251730648206419
synthetic,1,0.00012586532410321
drug,2,0.000251730648206419
regression,1,0.00012586532410321
individual,2,0.000251730648206419
Wadstr,1,0.00012586532410321
excess,1,0.00012586532410321
respond,1,0.00012586532410321
Medicine,9,0.00113278791692889
stained,1,0.00012586532410321
average,1,0.00012586532410321
Assoc,1,0.00012586532410321
THE,2,0.000251730648206419
TcR,2,0.000251730648206419
Detailed,1,0.00012586532410321
considerably,1,0.00012586532410321
Otero,3,0.000377595972309629
Jurkat,3,0.000377595972309629
Chia,1,0.00012586532410321
modes,1,0.00012586532410321
Lin,1,0.00012586532410321
internalization,1,0.00012586532410321
Lys71,1,0.00012586532410321
correlation,2,0.000251730648206419
Liu,8,0.00100692259282568
mol,3,0.000377595972309629
intoxications,1,0.00012586532410321
CD4,1,0.00012586532410321
cfu,3,0.000377595972309629
Evenson,1,0.00012586532410321
purity,1,0.00012586532410321
building,1,0.00012586532410321
DE3,1,0.00012586532410321
longer,3,0.000377595972309629
sensitivity,5,0.000629326620516048
Ulm,2,0.000251730648206419
starter,2,0.000251730648206419
sensor,2,0.000251730648206419
immunoassays,1,0.00012586532410321
healthy,2,0.000251730648206419
molecular,16,0.00201384518565135
isolates,5,0.000629326620516048
probing,1,0.00012586532410321
monoclonal,15,0.00188797986154814
Lymph,1,0.00012586532410321
alimentary,1,0.00012586532410321
lowly,1,0.00012586532410321
equilibrium,1,0.00012586532410321
purify,1,0.00012586532410321
exclusively,1,0.00012586532410321
Three,4,0.000503461296412838
located,2,0.000251730648206419
glutamine,1,0.00012586532410321
performed,5,0.000629326620516048
Jarvis,1,0.00012586532410321
dimensions,1,0.00012586532410321
immune,8,0.00100692259282568
Biotechnol,7,0.000881057268722467
PBMCs,1,0.00012586532410321
PEI,1,0.00012586532410321
FRI,10,0.0012586532410321
elucidation,1,0.00012586532410321
elicit,2,0.000251730648206419
fermenter,1,0.00012586532410321
reacting,1,0.00012586532410321
root,1,0.00012586532410321
regulatory,2,0.000251730648206419
demonstrate,2,0.000251730648206419
Bergdoll,3,0.000377595972309629
WWT,1,0.00012586532410321
QCM,3,0.000377595972309629
methodology,1,0.00012586532410321
MAbs,2,0.000251730648206419
contained,1,0.00012586532410321
inhibit,3,0.000377595972309629
untreated,1,0.00012586532410321
MW,1,0.00012586532410321
successful,1,0.00012586532410321
radio,1,0.00012586532410321
stimulators,1,0.00012586532410321
Ann,1,0.00012586532410321
compete,1,0.00012586532410321
RH,1,0.00012586532410321
MH,1,0.00012586532410321
microheterogeneity,2,0.000251730648206419
complicated,2,0.000251730648206419
2E,3,0.000377595972309629
Cui,3,0.000377595972309629
CL,1,0.00012586532410321
special,2,0.000251730648206419
Fang,1,0.00012586532410321
mutated,6,0.000755191944619257
sharing,1,0.00012586532410321
Hsiao,1,0.00012586532410321
enterotoxigenicity,1,0.00012586532410321
responsible,6,0.000755191944619257
WORDS,1,0.00012586532410321
sequences,1,0.00012586532410321
chain,21,0.0026431718061674
immobilization,1,0.00012586532410321
Kanazawa,1,0.00012586532410321
sum,1,0.00012586532410321
earlier,1,0.00012586532410321
urea,1,0.00012586532410321
immunogenicity,3,0.000377595972309629
making,1,0.00012586532410321
Tao,1,0.00012586532410321
histidines,1,0.00012586532410321
Copyright,3,0.000377595972309629
led,1,0.00012586532410321
homologous,3,0.000377595972309629
School,12,0.00151038388923851
adapted,2,0.000251730648206419
PMSF,1,0.00012586532410321
Minnesota,1,0.00012586532410321
Cold,1,0.00012586532410321
expression,6,0.000755191944619257
contaminated,1,0.00012586532410321
zhou,2,0.000251730648206419
Enterotoxin,5,0.000629326620516048
Biotypes,1,0.00012586532410321
HG,1,0.00012586532410321
salt,2,0.000251730648206419
Resources,1,0.00012586532410321
viability,2,0.000251730648206419
fractions,1,0.00012586532410321
beta,48,0.00604153555695406
HP,1,0.00012586532410321
illness,1,0.00012586532410321
Stanley,2,0.000251730648206419
investigation,1,0.00012586532410321
circumvent,1,0.00012586532410321
765X,3,0.000377595972309629
histidine,6,0.000755191944619257
alpha5,1,0.00012586532410321
STUDY,2,0.000251730648206419
SEE,10,0.0012586532410321
weakly,1,0.00012586532410321
eradication,1,0.00012586532410321
molecule,15,0.00188797986154814
octyl,1,0.00012586532410321
JS,1,0.00012586532410321
injection,4,0.000503461296412838
Biopharmaceutics,1,0.00012586532410321
process,1,0.00012586532410321
Eisenstein,1,0.00012586532410321
examined,4,0.000503461296412838
transfectants,3,0.000377595972309629
address,3,0.000377595972309629
Gardiner,1,0.00012586532410321
leukocyte,3,0.000377595972309629
studies,5,0.000629326620516048
delta,1,0.00012586532410321
exfoliative,1,0.00012586532410321
Academic,1,0.00012586532410321
measuring,1,0.00012586532410321
regulate,1,0.00012586532410321
synthesized,1,0.00012586532410321
construction,4,0.000503461296412838
detecting,6,0.000755191944619257
Fields,2,0.000251730648206419
implicated,2,0.000251730648206419
H118A,2,0.000251730648206419
inhibitor,2,0.000251730648206419
subtype,2,0.000251730648206419
real,1,0.00012586532410321
Hospital,1,0.00012586532410321
maximal,1,0.00012586532410321
developed,7,0.000881057268722467
hrs,1,0.00012586532410321
encoding,1,0.00012586532410321
Fahrer,1,0.00012586532410321
aerobes,1,0.00012586532410321
Article,10,0.0012586532410321
acceptable,1,0.00012586532410321
UFRJ,1,0.00012586532410321
splenocytes,2,0.000251730648206419
beta10,1,0.00012586532410321
cuhk,2,0.000251730648206419
varying,1,0.00012586532410321
Razdan,1,0.00012586532410321
exon,1,0.00012586532410321
OPG,1,0.00012586532410321
presenting,1,0.00012586532410321
efficiently,7,0.000881057268722467
Behaviour,1,0.00012586532410321
supported,3,0.000377595972309629
staphylococcin,1,0.00012586532410321
ion,7,0.000881057268722467
C3,17,0.00213971050975456
antitumor,17,0.00213971050975456
Asn74,1,0.00012586532410321
eleven,1,0.00012586532410321
Tianjin,6,0.000755191944619257
Bartlett,1,0.00012586532410321
Potential,1,0.00012586532410321
position,7,0.000881057268722467
substitution,1,0.00012586532410321
osteoclastogenesis,2,0.000251730648206419
Federal,2,0.000251730648206419
crucially,1,0.00012586532410321
efficient,1,0.00012586532410321
coagulated,1,0.00012586532410321
Ala,3,0.000377595972309629
diffraction,2,0.000251730648206419
stringent,1,0.00012586532410321
antigen,8,0.00100692259282568
QAE,4,0.000503461296412838
performance,2,0.000251730648206419
inhibition,6,0.000755191944619257
screening,2,0.000251730648206419
HA1,4,0.000503461296412838
electrophoresis,5,0.000629326620516048
time,3,0.000377595972309629
potency,2,0.000251730648206419
population,5,0.000629326620516048
group,7,0.000881057268722467
Glutathione,1,0.00012586532410321
SAgs,3,0.000377595972309629
poisoning,5,0.000629326620516048
TCR,34,0.00427942101950913
complementarity,1,0.00012586532410321
cleaved,1,0.00012586532410321
borne,4,0.000503461296412838
fecal,1,0.00012586532410321
approached,1,0.00012586532410321
dosage,1,0.00012586532410321
Quantitative,1,0.00012586532410321
survey,2,0.000251730648206419
regulating,1,0.00012586532410321
protect,1,0.00012586532410321
thermonuclease,11,0.00138451856513531
Cell,1,0.00012586532410321
ultracentrifuge,1,0.00012586532410321
transporter,2,0.000251730648206419
Robbins,1,0.00012586532410321
Bavai,1,0.00012586532410321
competitively,1,0.00012586532410321
receptor,19,0.00239144115796098
cell,74,0.00931403398363751
polymorphisms,2,0.000251730648206419
stimulated,8,0.00100692259282568
impaired,1,0.00012586532410321
selective,2,0.000251730648206419
L2,1,0.00012586532410321
vivo,13,0.00163624921334172
crystal,12,0.00151038388923851
structures,4,0.000503461296412838
purifying,1,0.00012586532410321
reagents,3,0.000377595972309629
ZP,1,0.00012586532410321
hypervariable,2,0.000251730648206419
presence,10,0.0012586532410321
nchen,1,0.00012586532410321
Kumaran,1,0.00012586532410321
manner,4,0.000503461296412838
patterns,1,0.00012586532410321
suppressing,1,0.00012586532410321
VIDAS,6,0.000755191944619257
induce,5,0.000629326620516048
Staphylococcal,16,0.00201384518565135
Goronzy,1,0.00012586532410321
Nonconserved,1,0.00012586532410321
Ying,2,0.000251730648206419
CJ,1,0.00012586532410321
Atomic,1,0.00012586532410321
Residues,3,0.000377595972309629
central,1,0.00012586532410321
rarely,1,0.00012586532410321
toxic,17,0.00213971050975456
lap,1,0.00012586532410321
Veterinary,3,0.000377595972309629
II,25,0.00314663310258024
super,1,0.00012586532410321
wARP,1,0.00012586532410321
Song,3,0.000377595972309629
indicating,3,0.000377595972309629
Aschenbach,1,0.00012586532410321
HF,1,0.00012586532410321
Mao,1,0.00012586532410321
metastases,2,0.000251730648206419
determining,1,0.00012586532410321
concentrations,5,0.000629326620516048
Brazil,1,0.00012586532410321
Rozand,1,0.00012586532410321
Rieger,1,0.00012586532410321
bacteria,2,0.000251730648206419
capacity,1,0.00012586532410321
analysed,1,0.00012586532410321
CD3,2,0.000251730648206419
Barth,1,0.00012586532410321
College,6,0.000755191944619257
H122A,1,0.00012586532410321
tetrazolium,3,0.000377595972309629
released,2,0.000251730648206419
antienterotoxic,1,0.00012586532410321
base,1,0.00012586532410321
free,3,0.000377595972309629
injections,2,0.000251730648206419
functions,1,0.00012586532410321
BACKGROUND,1,0.00012586532410321
Ni,2,0.000251730648206419
measurements,1,0.00012586532410321
scale,2,0.000251730648206419
reduction,1,0.00012586532410321
gels,2,0.000251730648206419
YQ,2,0.000251730648206419
species,3,0.000377595972309629
Shapiro,1,0.00012586532410321
detected,12,0.00151038388923851
specimens,1,0.00012586532410321
Evaluation,2,0.000251730648206419
Zhu,1,0.00012586532410321
Limited,2,0.000251730648206419
salami,1,0.00012586532410321
large,6,0.000755191944619257
BMP2,1,0.00012586532410321
enterotoxins,67,0.00843297671491504
Idaho,2,0.000251730648206419
C2,120,0.0151038388923851
types,8,0.00100692259282568
hydrophobicity,4,0.000503461296412838
series,2,0.000251730648206419
Jiangsu,2,0.000251730648206419
t,3,0.000377595972309629
change,1,0.00012586532410321
thiazol,1,0.00012586532410321
resistance,6,0.000755191944619257
program,1,0.00012586532410321
mitochondrial,1,0.00012586532410321
Hjert,1,0.00012586532410321
macrophages,6,0.000755191944619257
cDNAs,1,0.00012586532410321
amount,4,0.000503461296412838
roles,4,0.000503461296412838
efficacy,2,0.000251730648206419
system,15,0.00188797986154814
create,1,0.00012586532410321
deliver,1,0.00012586532410321
moderate,1,0.00012586532410321
PMC258826,1,0.00012586532410321
studied,3,0.000377595972309629
Enabling,1,0.00012586532410321
active,2,0.000251730648206419
cytokines,4,0.000503461296412838
ammonium,1,0.00012586532410321
addition,7,0.000881057268722467
higher,2,0.000251730648206419
Type,2,0.000251730648206419
reproducibility,1,0.00012586532410321
bearing,7,0.000881057268722467
High,2,0.000251730648206419
composition,1,0.00012586532410321
enhancing,1,0.00012586532410321
described,2,0.000251730648206419
Ecole,1,0.00012586532410321
superantigen,41,0.00516047828823159
transcription,1,0.00012586532410321
Lone,1,0.00012586532410321
strategy,1,0.00012586532410321
presented,4,0.000503461296412838
quantitatively,1,0.00012586532410321
tumour,5,0.000629326620516048
Shu,1,0.00012586532410321
classified,1,0.00012586532410321
describe,1,0.00012586532410321
enhanced,11,0.00138451856513531
toxicity,11,0.00138451856513531
inactivate,2,0.000251730648206419
Imperial,1,0.00012586532410321
transfected,2,0.000251730648206419
histologically,1,0.00012586532410321
number,8,0.00100692259282568
single,5,0.000629326620516048
MN,1,0.00012586532410321
correlate,2,0.000251730648206419
Therapeutics,1,0.00012586532410321
RE,2,0.000251730648206419
comparable,1,0.00012586532410321
receptors,5,0.000629326620516048
microbial,5,0.000629326620516048
molarity,2,0.000251730648206419
factors,1,0.00012586532410321
animal,4,0.000503461296412838
biotype,3,0.000377595972309629
Emphasis,1,0.00012586532410321
Vbeta10,4,0.000503461296412838
characterized,2,0.000251730648206419
Clostridium,1,0.00012586532410321
Agriculture,1,0.00012586532410321
humans,1,0.00012586532410321
Toxicol,1,0.00012586532410321
specificities,4,0.000503461296412838
immunotherapeutic,2,0.000251730648206419
bifunctional,4,0.000503461296412838
Specificity,1,0.00012586532410321
Cai,5,0.000629326620516048
presentation,1,0.00012586532410321
chromatography,14,0.00176211453744493
neighbouring,1,0.00012586532410321
Cys93,2,0.000251730648206419
contrast,5,0.000629326620516048
specificity,8,0.00100692259282568
exposed,1,0.00012586532410321
truncation,3,0.000377595972309629
Structure,2,0.000251730648206419
AIMS,2,0.000251730648206419
prompted,2,0.000251730648206419
Yano,1,0.00012586532410321
double,2,0.000251730648206419
Preparation,1,0.00012586532410321
Gogov,1,0.00012586532410321
JY,1,0.00012586532410321
state,1,0.00012586532410321
absence,4,0.000503461296412838
cleavage,4,0.000503461296412838
Wang,9,0.00113278791692889
KR,5,0.000629326620516048
microscopy,2,0.000251730648206419
exotoxins,2,0.000251730648206419
PMID,67,0.00843297671491504
Hygienic,1,0.00012586532410321
classifiable,1,0.00012586532410321
pure,2,0.000251730648206419
IMPACT,2,0.000251730648206419
Peptide,1,0.00012586532410321
fact,1,0.00012586532410321
Ding,2,0.000251730648206419
Sweden,2,0.000251730648206419
function,2,0.000251730648206419
biotyping,1,0.00012586532410321
Patterns,1,0.00012586532410321
glutamic,2,0.000251730648206419
vapour,1,0.00012586532410321
inoculated,1,0.00012586532410321
possessed,2,0.000251730648206419
broth,1,0.00012586532410321
PR,15,0.00188797986154814
provide,3,0.000377595972309629
Institut,1,0.00012586532410321
slight,1,0.00012586532410321
disadvantages,1,0.00012586532410321
buffer,4,0.000503461296412838
Czech,1,0.00012586532410321
AN,1,0.00012586532410321
ho,1,0.00012586532410321
Centre,3,0.000377595972309629
fermentor,1,0.00012586532410321
Res,1,0.00012586532410321
factor,2,0.000251730648206419
Assay,1,0.00012586532410321
coordinating,4,0.000503461296412838
separable,1,0.00012586532410321
determinations,1,0.00012586532410321
pathogen,1,0.00012586532410321
streptococcal,2,0.000251730648206419
2Ek,2,0.000251730648206419
Technologies,1,0.00012586532410321
exoproteins,1,0.00012586532410321
biotinylated,5,0.000629326620516048
approx,1,0.00012586532410321
provided,1,0.00012586532410321
Thy,1,0.00012586532410321
additional,2,0.000251730648206419
launches,1,0.00012586532410321
investigated,6,0.000755191944619257
determine,6,0.000755191944619257
DR1,5,0.000629326620516048
predominance,1,0.00012586532410321
goats,1,0.00012586532410321
stored,1,0.00012586532410321
proved,3,0.000377595972309629
Nature,2,0.000251730648206419
closely,1,0.00012586532410321
crude,2,0.000251730648206419
batchwise,1,0.00012586532410321
hybrid,1,0.00012586532410321
effects,11,0.00138451856513531
Biochim,1,0.00012586532410321
GST,2,0.000251730648206419
PMC183377,1,0.00012586532410321
Vernozy,1,0.00012586532410321
inhibiting,1,0.00012586532410321
marginally,1,0.00012586532410321
protease,1,0.00012586532410321
open,1,0.00012586532410321
Tab,2,0.000251730648206419
thrombolytic,6,0.000755191944619257
techniques,2,0.000251730648206419
intravenous,1,0.00012586532410321
FZE,1,0.00012586532410321
zkumn,1,0.00012586532410321
devised,1,0.00012586532410321
interactions,4,0.000503461296412838
analyses,3,0.000377595972309629
pasteurized,1,0.00012586532410321
severely,1,0.00012586532410321
ingestion,1,0.00012586532410321
Vbeta,5,0.000629326620516048
promoted,2,0.000251730648206419
bioM,2,0.000251730648206419
Xue,13,0.00163624921334172
antiapoptotic,1,0.00012586532410321
presumptive,1,0.00012586532410321
causal,1,0.00012586532410321
PMC187224,1,0.00012586532410321
phenomenon,1,0.00012586532410321
Guang,2,0.000251730648206419
stimulating,5,0.000629326620516048
complexed,2,0.000251730648206419
complexes,3,0.000377595972309629
regulation,1,0.00012586532410321
mmol,1,0.00012586532410321
mastitic,2,0.000251730648206419
menstrual,1,0.00012586532410321
exquisitely,1,0.00012586532410321
resolved,1,0.00012586532410321
abolished,2,0.000251730648206419
differed,1,0.00012586532410321
suggests,2,0.000251730648206419
Superantigen,2,0.000251730648206419
substantial,1,0.00012586532410321
indicated,6,0.000755191944619257
Biologics,2,0.000251730648206419
account,1,0.00012586532410321
play,1,0.00012586532410321
separate,2,0.000251730648206419
ELISA,14,0.00176211453744493
relatedness,2,0.000251730648206419
disulphide,5,0.000629326620516048
Hu,5,0.000629326620516048
markedly,2,0.000251730648206419
Jiu,1,0.00012586532410321
pH,15,0.00188797986154814
Metzger,1,0.00012586532410321
activation,9,0.00113278791692889
clinical,7,0.000881057268722467
termed,1,0.00012586532410321
sensitive,4,0.000503461296412838
Institute,25,0.00314663310258024
wt,2,0.000251730648206419
Glutamic,1,0.00012586532410321
Tranter,7,0.000881057268722467
H47A,1,0.00012586532410321
Tumor,1,0.00012586532410321
Wiltshire,2,0.000251730648206419
lowest,2,0.000251730648206419
stem,1,0.00012586532410321
basis,3,0.000377595972309629
Pt,3,0.000377595972309629
dog,1,0.00012586532410321
cultures,2,0.000251730648206419
apparent,1,0.00012586532410321
Anti,1,0.00012586532410321
cross,14,0.00176211453744493
adsorption,1,0.00012586532410321
stability,2,0.000251730648206419
promotes,2,0.000251730648206419
yexcr,2,0.000251730648206419
pl,1,0.00012586532410321
organisms,1,0.00012586532410321
subtypes,4,0.000503461296412838
Ban,1,0.00012586532410321
finding,1,0.00012586532410321
Appl,12,0.00151038388923851
arrest,1,0.00012586532410321
ENTC2,1,0.00012586532410321
epitopes,4,0.000503461296412838
carcinogenesis,1,0.00012586532410321
splenocyte,1,0.00012586532410321
Arbor,1,0.00012586532410321
DX,2,0.000251730648206419
bond,5,0.000629326620516048
cytochrome,1,0.00012586532410321
encodes,3,0.000377595972309629
measured,3,0.000377595972309629
restricted,5,0.000629326620516048
IL,5,0.000629326620516048
represent,1,0.00012586532410321
decrease,1,0.00012586532410321
effector,7,0.000881057268722467
Infectious,2,0.000251730648206419
leached,1,0.00012586532410321
extremely,2,0.000251730648206419
implications,1,0.00012586532410321
regeneration,1,0.00012586532410321
lesser,1,0.00012586532410321
mature,4,0.000503461296412838
amplifying,1,0.00012586532410321
actual,1,0.00012586532410321
Lucia,1,0.00012586532410321
Staph,2,0.000251730648206419
Asp70,1,0.00012586532410321
resembles,1,0.00012586532410321
property,3,0.000377595972309629
RI,1,0.00012586532410321
constituent,1,0.00012586532410321
ML,4,0.000503461296412838
digested,1,0.00012586532410321
ranging,1,0.00012586532410321
Life,6,0.000755191944619257
accumulated,1,0.00012586532410321
veterin,1,0.00012586532410321
CX,1,0.00012586532410321
Construction,2,0.000251730648206419
SAM,12,0.00151038388923851
acts,1,0.00012586532410321
parallel,1,0.00012586532410321
thrombus,2,0.000251730648206419
suggesting,4,0.000503461296412838
sequencing,2,0.000251730648206419
Anal,1,0.00012586532410321
botulinum,1,0.00012586532410321
draining,3,0.000377595972309629
enhancement,1,0.00012586532410321
lines,1,0.00012586532410321
theoretical,1,0.00012586532410321
tumor,39,0.00490874764002517
class,23,0.00289490245437382
commonly,1,0.00012586532410321
frame,1,0.00012586532410321
regulated,4,0.000503461296412838
syndrome,13,0.00163624921334172
Fluorescence,1,0.00012586532410321
rat,1,0.00012586532410321
intermedius,4,0.000503461296412838
conclude,1,0.00012586532410321
suppresses,1,0.00012586532410321
sensitized,1,0.00012586532410321
cure,5,0.000629326620516048
unaffected,1,0.00012586532410321
lactis,2,0.000251730648206419
arguing,1,0.00012586532410321
histocompatibility,8,0.00100692259282568
massive,6,0.000755191944619257
defined,1,0.00012586532410321
corresponding,4,0.000503461296412838
Zn,1,0.00012586532410321
predicted,1,0.00012586532410321
lead,1,0.00012586532410321
kinds,2,0.000251730648206419
enzyme,10,0.0012586532410321
auto,2,0.000251730648206419
Ind,1,0.00012586532410321
reveals,3,0.000377595972309629
Asp30,1,0.00012586532410321
vet,1,0.00012586532410321
thiol,1,0.00012586532410321
sources,1,0.00012586532410321
independent,3,0.000377595972309629
variety,1,0.00012586532410321
frequencies,1,0.00012586532410321
Union,1,0.00012586532410321
hydrophobicities,1,0.00012586532410321
interfered,1,0.00012586532410321
Garc,6,0.000755191944619257
Lu,1,0.00012586532410321
Inhibiting,1,0.00012586532410321
Immunosensors,1,0.00012586532410321
mL,3,0.000377595972309629
Katami,1,0.00012586532410321
dramatically,1,0.00012586532410321
charged,2,0.000251730648206419
pI,2,0.000251730648206419
lyon,1,0.00012586532410321
Hill,1,0.00012586532410321
resolution,8,0.00100692259282568
alphaN,1,0.00012586532410321
osteogenesis,1,0.00012586532410321
Pharmacology,3,0.000377595972309629
affinity,11,0.00138451856513531
feature,1,0.00012586532410321
Asn24,1,0.00012586532410321
experiment,2,0.000251730648206419
hospitalized,1,0.00012586532410321
dose,5,0.000629326620516048
cytosol,2,0.000251730648206419
development,1,0.00012586532410321
Nationale,1,0.00012586532410321
Mechanology,1,0.00012586532410321
belonged,1,0.00012586532410321
KH,1,0.00012586532410321
London,2,0.000251730648206419
cn,2,0.000251730648206419
competition,6,0.000755191944619257
28a,2,0.000251730648206419
rms,1,0.00012586532410321
distributions,1,0.00012586532410321
displayed,1,0.00012586532410321
survival,1,0.00012586532410321
HY,4,0.000503461296412838
Kienle,1,0.00012586532410321
interferon,2,0.000251730648206419
Mu,1,0.00012586532410321
binds,1,0.00012586532410321
fr,1,0.00012586532410321
immunosorbent,9,0.00113278791692889
JF,2,0.000251730648206419
Nauki,1,0.00012586532410321
hampered,1,0.00012586532410321
enterotoxinogenic,1,0.00012586532410321
Allee,1,0.00012586532410321
PMC2192249,1,0.00012586532410321
Albert,1,0.00012586532410321
type,13,0.00163624921334172
favorably,1,0.00012586532410321
quartz,1,0.00012586532410321
der,1,0.00012586532410321
ions,3,0.000377595972309629
comprise,1,0.00012586532410321
main,2,0.000251730648206419
decreased,4,0.000503461296412838
und,1,0.00012586532410321
cation,2,0.000251730648206419
mononuclear,4,0.000503461296412838
conserved,2,0.000251730648206419
involves,2,0.000251730648206419
MA,1,0.00012586532410321
Bellio,1,0.00012586532410321
CDR2,1,0.00012586532410321
place,1,0.00012586532410321
RF,1,0.00012586532410321
asymmetric,2,0.000251730648206419
mentioned,2,0.000251730648206419
domain,8,0.00100692259282568
proposes,1,0.00012586532410321
stimulation,8,0.00100692259282568
frequency,1,0.00012586532410321
Environmental,1,0.00012586532410321
EL,2,0.000251730648206419
valuable,2,0.000251730648206419
Papageorgiou,4,0.000503461296412838
Fakult,1,0.00012586532410321
cytometry,4,0.000503461296412838
Moreno,3,0.000377595972309629
grown,3,0.000377595972309629
size,1,0.00012586532410321
unresponsiveness,1,0.00012586532410321
contributions,1,0.00012586532410321
systems,8,0.00100692259282568
Asp83,1,0.00012586532410321
automated,2,0.000251730648206419
XJ,2,0.000251730648206419
conformation,1,0.00012586532410321
diffract,1,0.00012586532410321
volatile,2,0.000251730648206419
tag,1,0.00012586532410321
independently,1,0.00012586532410321
ENTC3,1,0.00012586532410321
malignant,2,0.000251730648206419
biochemical,1,0.00012586532410321
perform,1,0.00012586532410321
Mann,1,0.00012586532410321
structure,20,0.00251730648206419
37degrees,1,0.00012586532410321
test,7,0.000881057268722467
Morioka,1,0.00012586532410321
distinguish,1,0.00012586532410321
prepared,2,0.000251730648206419
report,1,0.00012586532410321
precisely,1,0.00012586532410321
4B,1,0.00012586532410321
heterogeneity,6,0.000755191944619257
GKVTG102,1,0.00012586532410321
highest,1,0.00012586532410321
trial,1,0.00012586532410321
Peripheral,1,0.00012586532410321
intact,1,0.00012586532410321
Populations,1,0.00012586532410321
milk,8,0.00100692259282568
perforin,4,0.000503461296412838
documented,2,0.000251730648206419
captured,1,0.00012586532410321
Implications,1,0.00012586532410321
loops,1,0.00012586532410321
applied,4,0.000503461296412838
rinaire,1,0.00012586532410321
member,4,0.000503461296412838
refrigerator,1,0.00012586532410321
CDR1,1,0.00012586532410321
textile,1,0.00012586532410321
staphylokinase,2,0.000251730648206419
jbc,1,0.00012586532410321
soluble,2,0.000251730648206419
extracts,3,0.000377595972309629
Shenhe,5,0.000629326620516048
endotoxic,1,0.00012586532410321
Asp9,1,0.00012586532410321
polyacrylamide,3,0.000377595972309629
kinetics,1,0.00012586532410321
mammalian,1,0.00012586532410321
compromising,1,0.00012586532410321
Lombardi,1,0.00012586532410321
glycine,1,0.00012586532410321
Swaminathan,2,0.000251730648206419
Acta,2,0.000251730648206419
subsequent,2,0.000251730648206419
Michigan,1,0.00012586532410321
2K,1,0.00012586532410321
fold,4,0.000503461296412838
Pharmaceutics,1,0.00012586532410321
Hepa1,2,0.000251730648206419
Biomaterials,2,0.000251730648206419
rank,1,0.00012586532410321
incubation,2,0.000251730648206419
general,1,0.00012586532410321
2M,7,0.000881057268722467
region,11,0.00138451856513531
strategies,1,0.00012586532410321
JR,1,0.00012586532410321
wild,3,0.000377595972309629
plays,2,0.000251730648206419
coated,1,0.00012586532410321
experiments,4,0.000503461296412838
cowherds,1,0.00012586532410321
Resource,1,0.00012586532410321
protection,1,0.00012586532410321
mediating,1,0.00012586532410321
generally,1,0.00012586532410321
Universit,1,0.00012586532410321
glycol,1,0.00012586532410321
diarrheal,1,0.00012586532410321
Beijing,4,0.000503461296412838
immunosuppression,2,0.000251730648206419
explain,1,0.00012586532410321
Normal,1,0.00012586532410321
drugs,1,0.00012586532410321
defining,1,0.00012586532410321
deviation,1,0.00012586532410321
epidermolytic,1,0.00012586532410321
Fuente,1,0.00012586532410321
CDR1beta,1,0.00012586532410321
linking,2,0.000251730648206419
purification,8,0.00100692259282568
resonance,1,0.00012586532410321
Mikrobiol,1,0.00012586532410321
appeared,2,0.000251730648206419
observe,1,0.00012586532410321
ST,13,0.00163624921334172
Double,1,0.00012586532410321
intoxication,1,0.00012586532410321
Wei,2,0.000251730648206419
rates,1,0.00012586532410321
truncated,6,0.000755191944619257
Mariuzza,2,0.000251730648206419
generation,1,0.00012586532410321
characterization,2,0.000251730648206419
powerful,4,0.000503461296412838
Salisbury,2,0.000251730648206419
Zhejiang,4,0.000503461296412838
novel,12,0.00151038388923851
mode,2,0.000251730648206419
bulk,1,0.00012586532410321
Biotechnology,5,0.000629326620516048
regions,6,0.000755191944619257
lymphokines,1,0.00012586532410321
counterparts,1,0.00012586532410321
maturation,1,0.00012586532410321
PM,5,0.000629326620516048
secretion,1,0.00012586532410321
enabling,1,0.00012586532410321
Foster,1,0.00012586532410321
IMMU2172,1,0.00012586532410321
Furey,2,0.000251730648206419
standard,1,0.00012586532410321
Enterotoxins,4,0.000503461296412838
Environ,3,0.000377595972309629
Comment,1,0.00012586532410321
cycle,4,0.000503461296412838
Experientia,1,0.00012586532410321
BAX,1,0.00012586532410321
differences,4,0.000503461296412838
responses,6,0.000755191944619257
Weyand,1,0.00012586532410321
point,1,0.00012586532410321
strong,3,0.000377595972309629
Pharmaceutical,6,0.000755191944619257
atoms,1,0.00012586532410321
concentration,9,0.00113278791692889
Biology,5,0.000629326620516048
NE,1,0.00012586532410321
work,1,0.00012586532410321
directly,3,0.000377595972309629
Adoptive,1,0.00012586532410321
Clonal,1,0.00012586532410321
survive,1,0.00012586532410321
Biochem,2,0.000251730648206419
Surgery,1,0.00012586532410321
OBJECTIVE,1,0.00012586532410321
expected,3,0.000377595972309629
green,1,0.00012586532410321
Microbiologie,1,0.00012586532410321
countries,1,0.00012586532410321
Li,12,0.00151038388923851
required,1,0.00012586532410321
remarkable,1,0.00012586532410321
micrograms,1,0.00012586532410321
fragments,2,0.000251730648206419
abilities,1,0.00012586532410321
adjacent,1,0.00012586532410321
alteration,1,0.00012586532410321
DQw2,1,0.00012586532410321
inoculum,1,0.00012586532410321
hMSCs,1,0.00012586532410321
PCR,4,0.000503461296412838
piezoelectric,1,0.00012586532410321
Yu,3,0.000377595972309629
lattice,1,0.00012586532410321
corroborated,1,0.00012586532410321
Toxins,1,0.00012586532410321
Society,1,0.00012586532410321
Owen,1,0.00012586532410321
crystals,3,0.000377595972309629
inserted,1,0.00012586532410321
Hackett,1,0.00012586532410321
JJ,2,0.000251730648206419
potential,5,0.000629326620516048
surface,7,0.000881057268722467
sodium,4,0.000503461296412838
associated,9,0.00113278791692889
Rosten,1,0.00012586532410321
helix,1,0.00012586532410321
Yang,2,0.000251730648206419
hydrophobic,3,0.000377595972309629
challenge,1,0.00012586532410321
Minneapolis,1,0.00012586532410321
candidate,7,0.000881057268722467
apoptosis,4,0.000503461296412838
gene,14,0.00176211453744493
mAb,1,0.00012586532410321
Prieto,1,0.00012586532410321
protein,23,0.00289490245437382
alternative,1,0.00012586532410321
manage,1,0.00012586532410321
Le,3,0.000377595972309629
RA,2,0.000251730648206419
response,16,0.00201384518565135
GA,3,0.000377595972309629
Upton,1,0.00012586532410321
Red,4,0.000503461296412838
combination,1,0.00012586532410321
assessment,2,0.000251730648206419
therapeutic,4,0.000503461296412838
Superantigens,3,0.000377595972309629
Svensson,1,0.00012586532410321
polymerase,1,0.00012586532410321
recombinant,9,0.00113278791692889
differentiate,1,0.00012586532410321
stimulate,8,0.00100692259282568
horseradish,1,0.00012586532410321
Lee,1,0.00012586532410321
Reiser,1,0.00012586532410321
breast,1,0.00012586532410321
modeling,1,0.00012586532410321
weaker,1,0.00012586532410321
suggested,5,0.000629326620516048
CONCLUSION,2,0.000251730648206419
Smith,1,0.00012586532410321
mellitus,1,0.00012586532410321
manufactured,1,0.00012586532410321
Burgos,3,0.000377595972309629
deleted,1,0.00012586532410321
Zasshi,1,0.00012586532410321
filtration,4,0.000503461296412838
exact,1,0.00012586532410321
peak,2,0.000251730648206419
characteristics,1,0.00012586532410321
gamma,5,0.000629326620516048
immunodiffusion,3,0.000377595972309629
discriminates,1,0.00012586532410321
established,5,0.000629326620516048
M307333200,1,0.00012586532410321
broken,1,0.00012586532410321
KO,1,0.00012586532410321
Abastado,1,0.00012586532410321
proper,3,0.000377595972309629
Diagnostics,1,0.00012586532410321
MCA,1,0.00012586532410321
concerned,1,0.00012586532410321
Zhi,1,0.00012586532410321
MHC,33,0.00415355569540592
activate,10,0.0012586532410321
liquid,1,0.00012586532410321
detectable,2,0.000251730648206419
reserved,2,0.000251730648206419
consists,1,0.00012586532410321
identified,7,0.000881057268722467
SE,16,0.00201384518565135
dissociation,2,0.000251730648206419
YC,1,0.00012586532410321
Germany,2,0.000251730648206419
stimuli,1,0.00012586532410321
Oppitz,1,0.00012586532410321
Enhanced,1,0.00012586532410321
focusing,2,0.000251730648206419
crosslinking,1,0.00012586532410321
mice,15,0.00188797986154814
node,3,0.000377595972309629
Mayo,1,0.00012586532410321
lethal,4,0.000503461296412838
Treatment,1,0.00012586532410321
contribute,3,0.000377595972309629
expressing,4,0.000503461296412838
analysts,1,0.00012586532410321
taap,2,0.000251730648206419
PMCID,13,0.00163624921334172
cleft,1,0.00012586532410321
Letters,1,0.00012586532410321
retains,1,0.00012586532410321
ENTC1,1,0.00012586532410321
Moscow,2,0.000251730648206419
MJ,1,0.00012586532410321
correlates,1,0.00012586532410321
reduced,7,0.000881057268722467
involved,7,0.000881057268722467
polypeptide,1,0.00012586532410321
predominant,1,0.00012586532410321
Maryland,3,0.000377595972309629
spleen,2,0.000251730648206419
deduce,1,0.00012586532410321
sica,1,0.00012586532410321
Brehm,5,0.000629326620516048
Deletion,1,0.00012586532410321
Zandbergen,1,0.00012586532410321
homology,1,0.00012586532410321
Biosens,1,0.00012586532410321
influenced,3,0.000377595972309629
udder,1,0.00012586532410321
upregulated,1,0.00012586532410321
ultimately,1,0.00012586532410321
BA2,2,0.000251730648206419
Liang,1,0.00012586532410321
Fluer,1,0.00012586532410321
PMC415250,1,0.00012586532410321
enhance,1,0.00012586532410321
curves,1,0.00012586532410321
ligand,3,0.000377595972309629
Stimulating,2,0.000251730648206419
repertoire,1,0.00012586532410321
dye,3,0.000377595972309629
relative,2,0.000251730648206419
vary,2,0.000251730648206419
JP,1,0.00012586532410321
SET,3,0.000377595972309629
Dighton,1,0.00012586532410321
second,1,0.00012586532410321
RIA,3,0.000377595972309629
M5,1,0.00012586532410321
consistent,1,0.00012586532410321
Za,1,0.00012586532410321
content,3,0.000377595972309629
revealed,8,0.00100692259282568
plasmid,3,0.000377595972309629
Hambleton,1,0.00012586532410321
caspase,5,0.000629326620516048
lymphoblast,1,0.00012586532410321
external,2,0.000251730648206419
low,9,0.00113278791692889
sarcoma,2,0.000251730648206419
selectivity,1,0.00012586532410321
Instituto,1,0.00012586532410321
stages,1,0.00012586532410321
Cao,2,0.000251730648206419
hwzhang,1,0.00012586532410321
preparations,2,0.000251730648206419
bound,2,0.000251730648206419
band,1,0.00012586532410321
Laboratory,7,0.000881057268722467
fever,1,0.00012586532410321
fast,1,0.00012586532410321
verification,1,0.00012586532410321
ZR,1,0.00012586532410321
raised,1,0.00012586532410321
wedge,1,0.00012586532410321
adds,1,0.00012586532410321
Malchiodi,2,0.000251730648206419
biotypes,2,0.000251730648206419
Sak,14,0.00176211453744493
precipitate,1,0.00012586532410321
BL21,2,0.000251730648206419
example,1,0.00012586532410321
jmbi,3,0.000377595972309629
clones,3,0.000377595972309629
distribution,2,0.000251730648206419
Transfectants,1,0.00012586532410321
polyethyleneimine,1,0.00012586532410321
filtrate,2,0.000251730648206419
reacts,1,0.00012586532410321
Japan,1,0.00012586532410321
acting,1,0.00012586532410321
substitutional,1,0.00012586532410321
Hammersmith,1,0.00012586532410321
confocal,1,0.00012586532410321
strains,29,0.00365009439899308
Ser69,1,0.00012586532410321
Chemical,1,0.00012586532410321
Naidu,1,0.00012586532410321
direct,4,0.000503461296412838
HH,1,0.00012586532410321
yielding,1,0.00012586532410321
induced,9,0.00113278791692889
IFI16,1,0.00012586532410321
impart,1,0.00012586532410321
repeated,1,0.00012586532410321
adhesion,1,0.00012586532410321
cream,2,0.000251730648206419
bands,2,0.000251730648206419
carbohydrate,1,0.00012586532410321
primary,6,0.000755191944619257
eliminated,1,0.00012586532410321
fully,1,0.00012586532410321
immature,1,0.00012586532410321
claimed,1,0.00012586532410321
OF,2,0.000251730648206419
antibody,19,0.00239144115796098
topology,1,0.00012586532410321
functionally,1,0.00012586532410321
produce,2,0.000251730648206419
supernatants,2,0.000251730648206419
uptake,5,0.000629326620516048
Site,1,0.00012586532410321
aureus,49,0.00616740088105727
fluorophores,1,0.00012586532410321
iae,2,0.000251730648206419
nonspecific,2,0.000251730648206419
HIC,1,0.00012586532410321
binding,46,0.00578980490874764
Phe144,1,0.00012586532410321
divergent,1,0.00012586532410321
nickel,1,0.00012586532410321
Center,7,0.000881057268722467
Guangdong,2,0.000251730648206419
Bcl,1,0.00012586532410321
characteristic,1,0.00012586532410321
Chinese,30,0.00377595972309629
deficiency,1,0.00012586532410321
eluting,1,0.00012586532410321
sites,11,0.00138451856513531
Theranostics,1,0.00012586532410321
based,6,0.000755191944619257
immunoreactivities,1,0.00012586532410321
PBMC,4,0.000503461296412838
Key,3,0.000377595972309629
antibodies,19,0.00239144115796098
inerleukin,1,0.00012586532410321
Microheterogenity,1,0.00012586532410321
Alimentaire,1,0.00012586532410321
Xiao,2,0.000251730648206419
precipitin,1,0.00012586532410321
mic,2,0.000251730648206419
triggered,1,0.00012586532410321
alpha4,1,0.00012586532410321
WWH,1,0.00012586532410321
three,22,0.00276903713027061
strain,5,0.000629326620516048
Rayman,1,0.00012586532410321
rabbits,2,0.000251730648206419
randomly,1,0.00012586532410321
Elsevier,2,0.000251730648206419
influenza,1,0.00012586532410321
Thompson,1,0.00012586532410321
Stauffacher,1,0.00012586532410321
JD,1,0.00012586532410321
solvent,2,0.000251730648206419
abnormal,1,0.00012586532410321
Clinic,1,0.00012586532410321
DH,1,0.00012586532410321
opposite,1,0.00012586532410321
Toxicology,3,0.000377595972309629
solution,3,0.000377595972309629
ED50,1,0.00012586532410321
leakiness,1,0.00012586532410321
obvious,1,0.00012586532410321
respective,1,0.00012586532410321
Akhtar,2,0.000251730648206419
Oda,1,0.00012586532410321
phases,1,0.00012586532410321
vernozy,1,0.00012586532410321
murine,7,0.000881057268722467
AIM,1,0.00012586532410321
biosensor,4,0.000503461296412838
cynomolgus,1,0.00012586532410321
confined,1,0.00012586532410321
exhibit,2,0.000251730648206419
Complete,1,0.00012586532410321
defective,2,0.000251730648206419
distinct,3,0.000377595972309629
hours,1,0.00012586532410321
Zhou,1,0.00012586532410321
members,2,0.000251730648206419
signals,1,0.00012586532410321
diffusion,3,0.000377595972309629
G22E,5,0.000629326620516048
organism,1,0.00012586532410321
exotoxin,2,0.000251730648206419
infection,1,0.00012586532410321
enzymatic,1,0.00012586532410321
toile,1,0.00012586532410321
Studied,1,0.00012586532410321
Bian,1,0.00012586532410321
SM,1,0.00012586532410321
Alanine,1,0.00012586532410321
tracers,1,0.00012586532410321
immunomodulatory,1,0.00012586532410321
laboratories,1,0.00012586532410321
imidazole,1,0.00012586532410321
heterogenous,1,0.00012586532410321
affect,2,0.000251730648206419
fourth,1,0.00012586532410321
DM,1,0.00012586532410321
pair,2,0.000251730648206419
detect,5,0.000629326620516048
England,1,0.00012586532410321
Gene,1,0.00012586532410321
critical,1,0.00012586532410321
dodecylsulfate,2,0.000251730648206419
HepG2,3,0.000377595972309629
China,45,0.00566393958464443
molecules,26,0.00327249842668345
G1,1,0.00012586532410321
Ji,1,0.00012586532410321
degrees,10,0.0012586532410321
targets,1,0.00012586532410321
transfer,1,0.00012586532410321
His118,3,0.000377595972309629
route,1,0.00012586532410321
EGFP,7,0.000881057268722467
modulators,1,0.00012586532410321
allowing,1,0.00012586532410321
classical,1,0.00012586532410321
nude,1,0.00012586532410321
chromatographically,1,0.00012586532410321
foodborne,1,0.00012586532410321
shaping,1,0.00012586532410321
ac,2,0.000251730648206419
future,1,0.00012586532410321
Electronic,3,0.000377595972309629
simple,2,0.000251730648206419
genome,2,0.000251730648206419
immunoglobulin,1,0.00012586532410321
acid,12,0.00151038388923851
spectrometry,1,0.00012586532410321
precursor,3,0.000377595972309629
interlaboratory,1,0.00012586532410321
properties,3,0.000377595972309629
Future,1,0.00012586532410321
absorption,1,0.00012586532410321
Zentralbl,1,0.00012586532410321
Strain,1,0.00012586532410321
stereochemical,1,0.00012586532410321
Acharya,5,0.000629326620516048
LA,1,0.00012586532410321
degree,1,0.00012586532410321
electrophoretic,2,0.000251730648206419
ten,1,0.00012586532410321
modulated,2,0.000251730648206419
Liaoning,9,0.00113278791692889
virtue,1,0.00012586532410321
imprecision,1,0.00012586532410321
indistinguishable,1,0.00012586532410321
Definition,1,0.00012586532410321
SAG,2,0.000251730648206419
needed,2,0.000251730648206419
appropriate,1,0.00012586532410321
TSST,21,0.0026431718061674
square,1,0.00012586532410321
accelerated,1,0.00012586532410321
cells,71,0.00893643801132788
shuffled,1,0.00012586532410321
chemically,1,0.00012586532410321
Pitan,1,0.00012586532410321
segments,1,0.00012586532410321
data,8,0.00100692259282568
Chemistry,1,0.00012586532410321
IgG,1,0.00012586532410321
RESULTS,4,0.000503461296412838
Biochemistry,10,0.0012586532410321
mobility,1,0.00012586532410321
British,1,0.00012586532410321
Ser,1,0.00012586532410321
Chang,1,0.00012586532410321
artificially,1,0.00012586532410321
Toxic,1,0.00012586532410321
transform,1,0.00012586532410321
substituting,1,0.00012586532410321
linker,8,0.00100692259282568
microbalance,1,0.00012586532410321
SEC,9,0.00113278791692889
Biosci,1,0.00012586532410321
step,1,0.00012586532410321
room,1,0.00012586532410321
Increased,1,0.00012586532410321
CFU,1,0.00012586532410321
distances,2,0.000251730648206419
Cys,2,0.000251730648206419
Escherichia,2,0.000251730648206419
identifying,1,0.00012586532410321
Mazuy,1,0.00012586532410321
findings,4,0.000503461296412838
emetic,11,0.00138451856513531
prime,1,0.00012586532410321
collected,3,0.000377595972309629
Pr,1,0.00012586532410321
element,2,0.000251730648206419
Prolonged,1,0.00012586532410321
SED,3,0.000377595972309629
vaginal,2,0.000251730648206419
investigate,6,0.000755191944619257
Division,2,0.000251730648206419
fashion,1,0.00012586532410321
Instruments,1,0.00012586532410321
heterozygous,1,0.00012586532410321
MCF,1,0.00012586532410321
exhibited,7,0.000881057268722467
mercaptoethanol,1,0.00012586532410321
release,5,0.000629326620516048
Carlos,1,0.00012586532410321
Initially,1,0.00012586532410321
lymphocytes,5,0.000629326620516048
emerged,1,0.00012586532410321
PHLS,1,0.00012586532410321
stimulants,1,0.00012586532410321
MK,1,0.00012586532410321
precipitants,1,0.00012586532410321
Dis,5,0.000629326620516048
Expression,1,0.00012586532410321
Purification,2,0.000251730648206419
Biocrystallography,1,0.00012586532410321
fluorescence,1,0.00012586532410321
Dickie,5,0.000629326620516048
Mol,4,0.000503461296412838
stimulates,1,0.00012586532410321
proliferative,1,0.00012586532410321
terminal,9,0.00113278791692889
PMC261384,1,0.00012586532410321
analytical,2,0.000251730648206419
entC2,2,0.000251730648206419
SQ,3,0.000377595972309629
mouse,3,0.000377595972309629
demonstrated,4,0.000503461296412838
rieux,2,0.000251730648206419
sequence,10,0.0012586532410321
cointeraction,1,0.00012586532410321
retained,5,0.000629326620516048
immobilize,1,0.00012586532410321
Dissociation,1,0.00012586532410321
ENTCR,3,0.000377595972309629
Sugii,1,0.00012586532410321
pathway,1,0.00012586532410321
subgroup,1,0.00012586532410321
Ecology,13,0.00163624921334172
disturb,1,0.00012586532410321
S180,1,0.00012586532410321
superantigenic,3,0.000377595972309629
solid,1,0.00012586532410321
Febrile,1,0.00012586532410321
mutant,24,0.00302076777847703
Med,7,0.000881057268722467
Press,1,0.00012586532410321
staphylococcal,114,0.0143486469477659
induces,2,0.000251730648206419
synthesis,2,0.000251730648206419
capable,3,0.000377595972309629
Otani,1,0.00012586532410321
Postgraduate,1,0.00012586532410321
produced,19,0.00239144115796098
Road,5,0.000629326620516048
identical,4,0.000503461296412838
entC3,2,0.000251730648206419
ABSTRACT,1,0.00012586532410321
WWP,1,0.00012586532410321
enterotoxin,119,0.0149779735682819
precision,1,0.00012586532410321
residues,16,0.00201384518565135
order,1,0.00012586532410321
Hehir,1,0.00012586532410321
Staphylococci,1,0.00012586532410321
Ysern,1,0.00012586532410321
toxigenic,2,0.000251730648206419
influences,1,0.00012586532410321
primers,2,0.000251730648206419
despite,2,0.000251730648206419
combining,1,0.00012586532410321
improve,2,0.000251730648206419
Marcy,1,0.00012586532410321
Advanced,4,0.000503461296412838
zinc,27,0.00339836375078666
eji,1,0.00012586532410321
manufacture,1,0.00012586532410321
Cheng,3,0.000377595972309629
reactivity,9,0.00113278791692889
Cruchaudet,1,0.00012586532410321
disulfide,3,0.000377595972309629
peroxidase,1,0.00012586532410321
RANKL,1,0.00012586532410321
antigenic,4,0.000503461296412838
CONCLUSIONS,3,0.000377595972309629
bovine,1,0.00012586532410321
mediated,3,0.000377595972309629
Fu,1,0.00012586532410321
assay,15,0.00188797986154814
Major,1,0.00012586532410321
reference,1,0.00012586532410321
isolation,2,0.000251730648206419
CV,2,0.000251730648206419
nucleotide,1,0.00012586532410321
kind,1,0.00012586532410321
reported,3,0.000377595972309629
Diffchamb,1,0.00012586532410321
Int,2,0.000251730648206419
Leu45,1,0.00012586532410321
terminus,2,0.000251730648206419
preserved,1,0.00012586532410321
machines,1,0.00012586532410321
polyethylene,1,0.00012586532410321
food,17,0.00213971050975456
infected,1,0.00012586532410321
SDS,1,0.00012586532410321
106WWH,1,0.00012586532410321
limits,1,0.00012586532410321
Biological,3,0.000377595972309629
radioimmunoassay,7,0.000881057268722467
AT,1,0.00012586532410321
Rockville,2,0.000251730648206419
Da,1,0.00012586532410321
differs,2,0.000251730648206419
referred,1,0.00012586532410321
aa,1,0.00012586532410321
modelled,1,0.00012586532410321
Spain,3,0.000377595972309629
steps,1,0.00012586532410321
including,4,0.000503461296412838
lies,1,0.00012586532410321
serine,1,0.00012586532410321
Development,3,0.000377595972309629
Richard,1,0.00012586532410321
reactions,2,0.000251730648206419
moved,2,0.000251730648206419
depended,1,0.00012586532410321
negative,4,0.000503461296412838
jmm,2,0.000251730648206419
Hovde,1,0.00012586532410321
Mono,1,0.00012586532410321
proliferation,11,0.00138451856513531
Chiou,1,0.00012586532410321
transl,1,0.00012586532410321
Claverton,4,0.000503461296412838
Seuchenmedizin,1,0.00012586532410321
Nagata,1,0.00012586532410321
consisting,3,0.000377595972309629
Sansom,1,0.00012586532410321
attained,2,0.000251730648206419
UK,3,0.000377595972309629
suggestion,1,0.00012586532410321
performances,1,0.00012586532410321
rapid,3,0.000377595972309629
temperatures,1,0.00012586532410321
Exp,3,0.000377595972309629
late,1,0.00012586532410321
tremendously,2,0.000251730648206419
inflammatory,3,0.000377595972309629
Robern,3,0.000377595972309629
pg,1,0.00012586532410321
Genet,1,0.00012586532410321
indirect,2,0.000251730648206419
achieved,1,0.00012586532410321
SAg,5,0.000629326620516048
disc,1,0.00012586532410321
resultant,1,0.00012586532410321
Based,3,0.000377595972309629
immunized,1,0.00012586532410321
PMC2119262,1,0.00012586532410321
insight,1,0.00012586532410321
F44A,2,0.000251730648206419
Zhonghua,1,0.00012586532410321
activities,20,0.00251730648206419
MEDLINE,67,0.00843297671491504
resting,1,0.00012586532410321
Piezoectric,1,0.00012586532410321
overlapping,2,0.000251730648206419
Diagnosis,1,0.00012586532410321
downregulation,1,0.00012586532410321
selectively,1,0.00012586532410321
Bioelectron,1,0.00012586532410321
substitutions,7,0.000881057268722467
elicits,3,0.000377595972309629
months,1,0.00012586532410321
interference,1,0.00012586532410321
similarity,1,0.00012586532410321
exploiting,1,0.00012586532410321
CS,1,0.00012586532410321
ice,1,0.00012586532410321
Pennsylvania,1,0.00012586532410321
conservative,1,0.00012586532410321
competitive,1,0.00012586532410321
Emerging,2,0.000251730648206419
calcium,1,0.00012586532410321
pharmaceutics,1,0.00012586532410321
SEA,31,0.0039018250471995
model,7,0.000881057268722467
interleukin,3,0.000377595972309629
Gen,1,0.00012586532410321
radioimmunoassays,1,0.00012586532410321
NY,1,0.00012586532410321
atom,1,0.00012586532410321
Spero,1,0.00012586532410321
III,1,0.00012586532410321
deficient,1,0.00012586532410321
supernatant,1,0.00012586532410321
permeability,1,0.00012586532410321
possessing,1,0.00012586532410321
origin,3,0.000377595972309629
Identification,1,0.00012586532410321
implied,2,0.000251730648206419
detection,12,0.00151038388923851
Taiwan,2,0.000251730648206419
proteins,19,0.00239144115796098
Academy,17,0.00213971050975456
acute,1,0.00012586532410321
indicators,1,0.00012586532410321
Yan,1,0.00012586532410321
Scand,1,0.00012586532410321
lower,6,0.000755191944619257
Runx2,2,0.000251730648206419
Comparison,3,0.000377595972309629
deletion,2,0.000251730648206419
Eriksson,1,0.00012586532410321
lacking,2,0.000251730648206419
hospitalization,1,0.00012586532410321
sulfate,1,0.00012586532410321
spatial,1,0.00012586532410321
effectively,3,0.000377595972309629
recognizes,2,0.000251730648206419
Group,2,0.000251730648206419
Suarez,1,0.00012586532410321
sclerosis,1,0.00012586532410321
previous,2,0.000251730648206419
Diseases,2,0.000251730648206419
reason,2,0.000251730648206419
component,2,0.000251730648206419
collaborative,1,0.00012586532410321
toxin,39,0.00490874764002517
confirmed,2,0.000251730648206419
cremoris,1,0.00012586532410321
SEB,31,0.0039018250471995
Goda,1,0.00012586532410321
Progressive,1,0.00012586532410321
L929,1,0.00012586532410321
Hayball,1,0.00012586532410321
People,7,0.000881057268722467
Kil,1,0.00012586532410321
colorectal,1,0.00012586532410321
signal,3,0.000377595972309629
diabetes,1,0.00012586532410321
VA,1,0.00012586532410321
rescued,1,0.00012586532410321
MWs,1,0.00012586532410321
Ohlendorf,1,0.00012586532410321
processing,1,0.00012586532410321
generated,2,0.000251730648206419
expressed,4,0.000503461296412838
constructed,8,0.00100692259282568
coli,6,0.000755191944619257
kits,1,0.00012586532410321
immunogenic,1,0.00012586532410321
excellent,1,0.00012586532410321
tetragonal,2,0.000251730648206419
phagocytosis,2,0.000251730648206419
agents,4,0.000503461296412838
lengths,1,0.00012586532410321
chimeric,9,0.00113278791692889
pulmonary,1,0.00012586532410321
purified,13,0.00163624921334172
Pan,2,0.000251730648206419
express,1,0.00012586532410321
ewes,1,0.00012586532410321
putative,2,0.000251730648206419
sephadex,1,0.00012586532410321
tested,2,0.000251730648206419
Engineering,2,0.000251730648206419
ARP,1,0.00012586532410321
Scatchard,1,0.00012586532410321
identify,1,0.00012586532410321
genes,3,0.000377595972309629
Zn2,1,0.00012586532410321
Detection,2,0.000251730648206419
hybridoma,2,0.000251730648206419
increase,7,0.000881057268722467
mSEC2,2,0.000251730648206419
considered,2,0.000251730648206419
TSS,6,0.000755191944619257
TN,1,0.00012586532410321
Bao,5,0.000629326620516048
plasma,1,0.00012586532410321
Lactic,1,0.00012586532410321
Uppsala,1,0.00012586532410321
glycosylated,1,0.00012586532410321
Schlievert,3,0.000377595972309629
mechanisms,1,0.00012586532410321
degradation,1,0.00012586532410321
liter,1,0.00012586532410321
noncompetitive,3,0.000377595972309629
charge,1,0.00012586532410321
125I,2,0.000251730648206419
myeloma,1,0.00012586532410321
controlled,1,0.00012586532410321
functional,9,0.00113278791692889
Royal,1,0.00012586532410321
dissimilarity,1,0.00012586532410321
Mikrobiologie,1,0.00012586532410321
pseudo,1,0.00012586532410321
motif,1,0.00012586532410321
diseases,4,0.000503461296412838
Human,1,0.00012586532410321
determines,1,0.00012586532410321
SEC2,174,0.0219005663939585
cancer,9,0.00113278791692889
reached,2,0.000251730648206419
Eswaramoorthy,1,0.00012586532410321
well,10,0.0012586532410321
interacts,2,0.000251730648206419
dependent,3,0.000377595972309629
cytotoxicity,1,0.00012586532410321
clonal,2,0.000251730648206419
His47,1,0.00012586532410321
CO,1,0.00012586532410321
regard,1,0.00012586532410321
flow,4,0.000503461296412838
SAGs,3,0.000377595972309629
coordinated,1,0.00012586532410321
Sephadex,5,0.000629326620516048
mass,1,0.00012586532410321
Sheng,3,0.000377595972309629
design,2,0.000251730648206419
combine,1,0.00012586532410321
rate,1,0.00012586532410321
foods,4,0.000503461296412838
isoelectric,7,0.000881057268722467
contents,1,0.00012586532410321
superantigens,19,0.00239144115796098
L45A,2,0.000251730648206419
Republic,8,0.00100692259282568
computational,1,0.00012586532410321
Vet,2,0.000251730648206419
pasta,1,0.00012586532410321
FQ,1,0.00012586532410321
NK,2,0.000251730648206419
bioactivity,2,0.000251730648206419
nM,1,0.00012586532410321
Peeva,1,0.00012586532410321
Matsusaka,1,0.00012586532410321
stav,1,0.00012586532410321
EM,1,0.00012586532410321
HS,6,0.000755191944619257
Charge,1,0.00012586532410321
difference,1,0.00012586532410321
derived,1,0.00012586532410321
agarose,2,0.000251730648206419
Yi,3,0.000377595972309629
Bacterial,1,0.00012586532410321
encouraging,1,0.00012586532410321
mRNA,2,0.000251730648206419
Lamb,1,0.00012586532410321
coordination,3,0.000377595972309629
dogs,1,0.00012586532410321
commercial,4,0.000503461296412838
serotypes,3,0.000377595972309629
Biophysics,1,0.00012586532410321
Applied,17,0.00213971050975456
Hargreaves,1,0.00012586532410321
Fund,1,0.00012586532410321
Large,1,0.00012586532410321
appears,2,0.000251730648206419
space,3,0.000377595972309629
Einstein,1,0.00012586532410321
paratopes,1,0.00012586532410321
complex,18,0.00226557583385777
Biof,1,0.00012586532410321
matrix,1,0.00012586532410321
analyzed,3,0.000377595972309629
underlying,1,0.00012586532410321
s10295,2,0.000251730648206419
treatment,15,0.00188797986154814
fraction,1,0.00012586532410321
plates,2,0.000251730648206419
lacks,1,0.00012586532410321
Graduate,1,0.00012586532410321
question,1,0.00012586532410321
preserving,1,0.00012586532410321
named,5,0.000629326620516048
fibrinolysin,1,0.00012586532410321
usual,1,0.00012586532410321
alanine,3,0.000377595972309629
coligand,1,0.00012586532410321
production,19,0.00239144115796098
WM,1,0.00012586532410321
granzyme,4,0.000503461296412838
Wu,2,0.000251730648206419
Brookhaven,1,0.00012586532410321
tightly,1,0.00012586532410321
United,1,0.00012586532410321
therapy,3,0.000377595972309629
catalytic,3,0.000377595972309629
will,5,0.000629326620516048
IFN,4,0.000503461296412838
Crystallization,1,0.00012586532410321
encoded,1,0.00012586532410321
commitment,1,0.00012586532410321
Praha,1,0.00012586532410321
MSC,1,0.00012586532410321
phase,5,0.000629326620516048
close,3,0.000377595972309629
treated,2,0.000251730648206419
Wenhua,5,0.000629326620516048
inhibited,8,0.00100692259282568
Macrophages,1,0.00012586532410321
quality,4,0.000503461296412838
epitope,1,0.00012586532410321
Kung,1,0.00012586532410321
groups,1,0.00012586532410321
damping,1,0.00012586532410321
TNF,6,0.000755191944619257
YB,2,0.000251730648206419
Almazan,1,0.00012586532410321
TRANSIA,2,0.000251730648206419
secondary,4,0.000503461296412838
prevent,3,0.000377595972309629
populations,2,0.000251730648206419
xL,1,0.00012586532410321
converted,1,0.00012586532410321
deamidase,1,0.00012586532410321
HLA,7,0.000881057268722467
Kd,1,0.00012586532410321
EF,2,0.000251730648206419
zhangjf06,1,0.00012586532410321
ME,1,0.00012586532410321
GB,1,0.00012586532410321
constant,3,0.000377595972309629
Rio,2,0.000251730648206419
prominently,1,0.00012586532410321
RD,5,0.000629326620516048
role,7,0.000881057268722467
Su,3,0.000377595972309629
alpha,14,0.00176211453744493
McLeod,1,0.00012586532410321
Tsinghua,1,0.00012586532410321
Buschmann,1,0.00012586532410321
elution,3,0.000377595972309629
exogenous,2,0.000251730648206419
pGEX,2,0.000251730648206419
France,1,0.00012586532410321
triazine,1,0.00012586532410321
uncover,1,0.00012586532410321
conformational,1,0.00012586532410321
intrinsic,2,0.000251730648206419
milieu,1,0.00012586532410321
cloned,6,0.000755191944619257
haemagglutinin,1,0.00012586532410321
icecream,5,0.000629326620516048
values,7,0.000881057268722467
Xielian,1,0.00012586532410321
chemiluminescence,2,0.000251730648206419
variants,1,0.00012586532410321
Karjalainen,2,0.000251730648206419
chains,2,0.000251730648206419
1C,1,0.00012586532410321
cationic,1,0.00012586532410321
alpha2,1,0.00012586532410321
explained,1,0.00012586532410321
hk,2,0.000251730648206419
expansions,1,0.00012586532410321
sulphate,2,0.000251730648206419
hkung,1,0.00012586532410321
selected,2,0.000251730648206419
denaturant,1,0.00012586532410321
replacement,2,0.000251730648206419
clone,3,0.000377595972309629
quantitation,1,0.00012586532410321
host,1,0.00012586532410321
AE,1,0.00012586532410321
immunofluorescence,1,0.00012586532410321
Cys110,2,0.000251730648206419
easily,1,0.00012586532410321
Infect,6,0.000755191944619257
febrile,4,0.000503461296412838
displace,1,0.00012586532410321
unique,2,0.000251730648206419
Gong,2,0.000251730648206419
safer,1,0.00012586532410321
outbreaks,4,0.000503461296412838
activated,12,0.00151038388923851
lymph,3,0.000377595972309629
Enhancement,1,0.00012586532410321
Gomez,1,0.00012586532410321
Ouchterlony,2,0.000251730648206419
removing,1,0.00012586532410321
superimposable,1,0.00012586532410321
weight,11,0.00138451856513531
induction,2,0.000251730648206419
karstv,1,0.00012586532410321
Slavchev,1,0.00012586532410321
mesenchymal,1,0.00012586532410321
nu,6,0.000755191944619257
International,1,0.00012586532410321
amino,12,0.00151038388923851
globulin,1,0.00012586532410321
conditions,3,0.000377595972309629
portions,1,0.00012586532410321
attributed,1,0.00012586532410321
peptide,6,0.000755191944619257
Krystal,1,0.00012586532410321
modulation,1,0.00012586532410321
great,2,0.000251730648206419
rSEC2,9,0.00113278791692889
estimated,2,0.000251730648206419
Fisher,1,0.00012586532410321
Mature,1,0.00012586532410321
Ag,2,0.000251730648206419
administration,1,0.00012586532410321
